product_id,product_name,category,cost_price,sale_price
1,Cedar Shirt,Menswear,9.3,20.32
2,Cove Jeans,Menswear,46.3,127.2
3,Harbour Chinos,Menswear,12.52,29.93
4,Harbour Shirt,Menswear,19.37,48.57
5,Dune Chinos,Menswear,18.34,49.7
6,Quill T-Shirt,Menswear,19.46,51.08
7,Marlow Shirt,Menswear,47.46,96.04
8,Quill Jacket,Menswear,22.45,47.18
9,Fable Jacket,Menswear,13.31,31.04
10,Sable Jacket,Menswear,39.39,115.41
11,Marlow T-Shirt,Menswear,35.88,113.47
12,Reed Shirt,Menswear,36.71,108.7
13,Harbour Jacket,Menswear,38.02,105.94
14,Birch Jeans,Menswear,48.2,153.24
15,Wren Jeans,Menswear,53.06,123.75
16,Ember Jacket,Menswear,16.46,37.81
17,Aster Jacket,Menswear,44.49,122.66
18,Cedar Chinos,Menswear,41.02,104.51
19,Cove Jeans,Menswear,32.04,69.78
20,Quill Chinos,Menswear,19.42,43.77
21,Fable Shirt,Menswear,19.91,36.73
22,Reed T-Shirt,Menswear,21.92,45.93
23,Cove Jacket,Menswear,19.06,47.63
24,Sable T-Shirt,Menswear,15.43,30.79
25,Marlow Chinos,Menswear,36.03,102.53
26,Nova Chinos,Menswear,28.77,60.62
27,Birch Chinos,Menswear,33.66,96.2
28,Ember Shirt,Menswear,15.95,32.28
29,Reed T-Shirt,Menswear,39.01,91.23
30,Birch T-Shirt,Menswear,35.51,112.19
31,Cove Shirt,Menswear,43.37,85.02
32,Fable Chinos,Menswear,47.05,135.32
33,Harbour Shirt,Menswear,23.26,47.02
34,Dune Jacket,Menswear,58.54,167.82
35,Ember Shirt,Menswear,53.27,118.14
36,Quill Chinos,Menswear,39.67,79.89
37,Dune Jeans,Menswear,36.05,104.19
38,Aster Dress,Womenswear,39.15,97.25
39,Vale Skirt,Womenswear,53.69,159.15
40,Aster Blouse,Womenswear,11.01,33.35
41,Quill Dress,Womenswear,46.06,135.53
42,Wren Cardigan,Womenswear,47.82,94.67
43,Reed Cardigan,Womenswear,16.59,42.12
44,Quill Jeans,Womenswear,58.15,180.29
45,Ember Blouse,Womenswear,45.07,106.3
46,Aster Skirt,Womenswear,30.78,77.71
47,Reed Blouse,Womenswear,19.68,44.74
48,Aster Cardigan,Womenswear,19.97,42.1
49,Birch Dress,Womenswear,19.9,61.05
50,Ember Skirt,Womenswear,11.68,24.92
51,Cove Jeans,Womenswear,19.14,38.0
52,Wren Cardigan,Womenswear,37.96,81.24
53,Marlow Jeans,Womenswear,17.9,34.65
54,Sable Skirt,Womenswear,30.03,73.69
55,Aster Dress,Womenswear,43.01,136.68
56,Birch Dress,Womenswear,28.94,65.84
57,Wren Dress,Womenswear,20.93,43.25
58,Cedar Blouse,Womenswear,29.94,65.57
59,Dune Dress,Womenswear,31.04,93.3
60,Birch Dress,Womenswear,10.63,34.01
61,Birch Dress,Womenswear,58.39,180.83
62,Cedar Blouse,Womenswear,16.65,41.29
63,Harbour Jeans,Womenswear,54.93,111.53
64,Wren Jeans,Womenswear,21.79,63.14
65,Quill Skirt,Womenswear,30.0,94.21
66,Cedar Cardigan,Womenswear,42.42,105.26
67,Sable Skirt,Womenswear,19.32,36.36
68,Harbour Cardigan,Womenswear,11.17,25.01
69,Dune Cardigan,Womenswear,32.79,101.23
70,Birch Blouse,Womenswear,10.96,27.52
71,Birch Blouse,Womenswear,11.56,21.91
72,Reed Blouse,Womenswear,29.0,90.43
73,Aster Blouse,Womenswear,38.1,70.7
74,Fable Jeans,Womenswear,42.18,109.3
75,Cedar Sandals,Footwear,18.62,52.19
76,Vale Sandals,Footwear,28.58,78.32
77,Aster Loafers,Footwear,24.44,69.72
78,Aster Sneakers,Footwear,31.83,101.79
79,Nova Sneakers,Footwear,35.96,90.2
80,Fable Sandals,Footwear,53.8,163.07
81,Sable Sandals,Footwear,16.2,48.07
82,Ember Sandals,Footwear,39.81,126.68
83,Cove Sneakers,Footwear,42.73,110.09
84,Aster Sneakers,Footwear,56.82,112.96
85,Vale Sneakers,Footwear,46.61,94.04
86,Ember Boots,Footwear,45.32,94.49
87,Cove Sandals,Footwear,34.28,73.76
88,Vale Sneakers,Footwear,12.8,30.63
89,Ember Sneakers,Footwear,8.18,23.55
90,Sable Sandals,Footwear,16.4,39.66
91,Cove Loafers,Footwear,37.17,72.73
92,Reed Boots,Footwear,36.37,107.96
93,Fable Boots,Footwear,30.35,56.41
94,Cedar Sneakers,Footwear,54.74,114.63
95,Birch Sneakers,Footwear,26.39,68.19
96,Cove Loafers,Footwear,58.64,167.08
97,Quill Boots,Footwear,52.96,167.71
98,Sable Boots,Footwear,53.83,98.76
99,Ember Sandals,Footwear,48.68,115.68
100,Aster Boots,Footwear,21.87,63.47
101,Cedar Loafers,Footwear,53.35,160.16
102,Vale Boots,Footwear,50.46,123.35
103,Marlow Boots,Footwear,19.59,53.36
104,Quill Sandals,Footwear,22.49,42.67
105,Ember Sandals,Footwear,26.26,66.0
106,Vale Sandals,Footwear,56.84,111.49
107,Harbour Boots,Footwear,38.19,121.33
108,Quill Sneakers,Footwear,39.02,89.12
109,Aster Sandals,Footwear,30.69,97.53
110,Harbour Loafers,Footwear,54.77,113.16
111,Dune Loafers,Footwear,8.09,25.05
112,Ember Scarf,Accessories,26.94,51.13
113,Aster Cap,Accessories,40.4,110.24
114,Fable Cap,Accessories,34.37,93.96
115,Cedar Sunglasses,Accessories,44.25,114.0
116,Sable Sunglasses,Accessories,42.58,99.25
117,Dune Scarf,Accessories,40.01,88.88
118,Quill Belt,Accessories,23.8,49.84
119,Wren Bag,Accessories,39.55,89.03
120,Quill Sunglasses,Accessories,43.13,108.5
121,Ember Scarf,Accessories,42.26,92.86
122,Quill Bag,Accessories,25.43,74.91
123,Cedar Scarf,Accessories,42.99,90.9
124,Wren Scarf,Accessories,9.27,19.86
125,Marlow Bag,Accessories,52.19,99.26
126,Wren Bag,Accessories,18.11,50.25
127,Harbour Sunglasses,Accessories,20.69,56.25
128,Quill Belt,Accessories,48.48,102.12
129,Cove Bag,Accessories,32.16,82.98
130,Ember Belt,Accessories,31.74,92.74
131,Quill Bag,Accessories,59.37,156.36
132,Dune Sunglasses,Accessories,39.86,111.89
133,Cove Sunglasses,Accessories,51.19,131.41
134,Vale Scarf,Accessories,46.67,115.02
135,Quill Scarf,Accessories,51.67,113.07
136,Wren Bag,Accessories,33.2,70.88
137,Fable Belt,Accessories,45.1,95.99
138,Nova Cap,Accessories,54.44,104.13
139,Cedar Scarf,Accessories,27.92,56.23
140,Wren Belt,Accessories,29.57,66.92
141,Marlow Sunglasses,Accessories,11.24,33.34
142,Cove Bag,Accessories,57.2,104.52
143,Fable Bag,Accessories,27.78,50.23
144,Birch Cap,Accessories,47.18,141.3
145,Quill Sunglasses,Accessories,35.99,101.8
146,Vale Bag,Accessories,54.69,135.82
147,Ember Sunglasses,Accessories,33.25,77.95
148,Cove Sunglasses,Accessories,45.66,135.92
