city,quarter,revenue,order_count
Adelaide,2024Q1,24921.52,127
Adelaide,2024Q2,26180.65,125
Adelaide,2024Q3,22007.22,123
Adelaide,2024Q4,27362.14,132
Adelaide,2025Q1,28527.3,137
Adelaide,2025Q2,29412.420000000002,136
Adelaide,2025Q3,29885.59,137
Adelaide,2025Q4,27753.89,137
Brisbane,2024Q1,30208.27,134
Brisbane,2024Q2,29432.27,138
Brisbane,2024Q3,30138.05,134
Brisbane,2024Q4,27200.2,133
Brisbane,2025Q1,21544.62,116
Brisbane,2025Q2,30659.59,144
Brisbane,2025Q3,32371.41,141
Brisbane,2025Q4,31479.71,144
Melbourne,2024Q1,28995.94,146
Melbourne,2024Q2,35320.54,180
Melbourne,2024Q3,33083.53,158
Melbourne,2024Q4,39353.58,165
Melbourne,2025Q1,32064.64,152
Melbourne,2025Q2,34665.72,170
Melbourne,2025Q3,18671.34,93
Melbourne,2025Q4,16455.98,85
Online,2024Q1,61190.51,301
Online,2024Q2,59142.43,297
Online,2024Q3,63904.78,299
Online,2024Q4,62610.43,285
Online,2025Q1,64445.3,306
Online,2025Q2,55227.01,271
Online,2025Q3,58179.53,292
Online,2025Q4,56558.8,265
Perth,2024Q1,27507.6,140
Perth,2024Q2,23013.93,105
Perth,2024Q3,26746.47,139
Perth,2024Q4,33058.22,153
Perth,2025Q1,24273.47,120
Perth,2025Q2,24289.87,110
Perth,2025Q3,25024.28,117
Perth,2025Q4,22054.14,117
Sydney,2024Q1,27761.45,154
Sydney,2024Q2,33172.46,165
Sydney,2024Q3,34413.14,153
Sydney,2024Q4,27393.48,133
Sydney,2025Q1,31443.739999999998,141
Sydney,2025Q2,34836.19,163
Sydney,2025Q3,37841.89,177
Sydney,2025Q4,34008.49,161
