inventory_id,store_id,product_id,stock_on_hand,reorder_level,snapshot_date
1,1,36,22,10,2025-12-31
2,1,81,26,10,2025-12-31
3,1,34,20,10,2025-12-31
4,1,111,25,10,2025-12-31
5,1,64,20,10,2025-12-31
6,1,99,20,10,2025-12-31
7,1,13,25,10,2025-12-31
8,1,53,28,10,2025-12-31
9,1,4,24,10,2025-12-31
10,1,16,22,10,2025-12-31
11,1,131,21,10,2025-12-31
12,1,24,27,10,2025-12-31
13,1,12,26,10,2025-12-31
14,1,102,19,10,2025-12-31
15,1,7,20,10,2025-12-31
16,1,135,36,10,2025-12-31
17,1,104,21,10,2025-12-31
18,1,117,18,10,2025-12-31
19,1,93,30,10,2025-12-31
20,1,14,26,10,2025-12-31
21,1,2,21,10,2025-12-31
22,1,21,24,10,2025-12-31
23,1,30,20,10,2025-12-31
24,1,120,20,10,2025-12-31
25,1,79,21,10,2025-12-31
26,1,98,18,10,2025-12-31
27,1,69,26,10,2025-12-31
28,1,118,27,10,2025-12-31
29,1,19,21,10,2025-12-31
30,1,11,28,10,2025-12-31
31,1,82,19,10,2025-12-31
32,1,121,24,10,2025-12-31
33,1,55,28,10,2025-12-31
34,1,38,35,10,2025-12-31
35,1,137,21,10,2025-12-31
36,1,141,29,10,2025-12-31
37,1,80,32,10,2025-12-31
38,1,31,25,10,2025-12-31
39,1,122,22,10,2025-12-31
40,1,43,16,10,2025-12-31
41,1,114,21,10,2025-12-31
42,1,128,26,10,2025-12-31
43,1,29,13,10,2025-12-31
44,1,108,41,10,2025-12-31
45,1,52,24,10,2025-12-31
46,1,112,30,10,2025-12-31
47,1,132,23,10,2025-12-31
48,1,126,30,10,2025-12-31
49,1,59,30,10,2025-12-31
50,1,88,21,10,2025-12-31
51,1,67,22,10,2025-12-31
52,1,23,28,10,2025-12-31
53,1,134,22,10,2025-12-31
54,1,101,30,10,2025-12-31
55,1,139,30,10,2025-12-31
56,1,106,24,10,2025-12-31
57,1,62,22,10,2025-12-31
58,1,116,29,10,2025-12-31
59,1,61,30,10,2025-12-31
60,1,17,18,10,2025-12-31
61,1,142,19,10,2025-12-31
62,1,10,38,10,2025-12-31
63,1,73,38,10,2025-12-31
64,1,63,24,10,2025-12-31
65,1,18,22,10,2025-12-31
66,1,90,23,10,2025-12-31
67,1,143,29,10,2025-12-31
68,1,86,27,10,2025-12-31
69,1,110,26,10,2025-12-31
70,1,54,27,10,2025-12-31
71,1,40,38,10,2025-12-31
72,1,145,27,10,2025-12-31
73,1,140,18,10,2025-12-31
74,1,50,32,10,2025-12-31
75,1,115,28,10,2025-12-31
76,1,133,31,10,2025-12-31
77,1,28,23,10,2025-12-31
78,1,15,23,10,2025-12-31
79,1,107,14,10,2025-12-31
80,1,3,32,10,2025-12-31
81,1,9,27,10,2025-12-31
82,1,92,24,10,2025-12-31
83,1,56,34,10,2025-12-31
84,1,74,35,10,2025-12-31
85,1,71,27,10,2025-12-31
86,1,46,23,10,2025-12-31
87,1,125,21,10,2025-12-31
88,1,84,24,10,2025-12-31
89,1,77,28,10,2025-12-31
90,1,42,23,10,2025-12-31
91,1,66,29,10,2025-12-31
92,1,72,20,10,2025-12-31
93,1,129,33,10,2025-12-31
94,1,103,19,10,2025-12-31
95,1,35,33,10,2025-12-31
96,1,78,24,10,2025-12-31
97,1,22,33,10,2025-12-31
98,1,37,25,10,2025-12-31
99,1,127,32,10,2025-12-31
100,1,89,21,10,2025-12-31
101,1,27,23,10,2025-12-31
102,1,113,22,10,2025-12-31
103,1,25,33,10,2025-12-31
104,1,119,22,10,2025-12-31
105,1,75,22,10,2025-12-31
106,1,144,22,10,2025-12-31
107,1,76,16,10,2025-12-31
108,1,68,20,10,2025-12-31
109,1,51,31,10,2025-12-31
110,1,1,25,10,2025-12-31
111,1,146,19,10,2025-12-31
112,1,109,21,10,2025-12-31
113,1,48,29,10,2025-12-31
114,1,130,27,10,2025-12-31
115,1,65,23,10,2025-12-31
116,1,91,22,10,2025-12-31
117,1,45,38,10,2025-12-31
118,1,26,22,10,2025-12-31
119,2,127,23,10,2025-12-31
120,2,37,22,10,2025-12-31
121,2,3,27,10,2025-12-31
122,2,27,27,10,2025-12-31
123,2,108,24,10,2025-12-31
124,2,35,28,10,2025-12-31
125,2,85,25,10,2025-12-31
126,2,11,24,10,2025-12-31
127,2,32,18,10,2025-12-31
128,2,9,26,10,2025-12-31
129,2,34,29,10,2025-12-31
130,2,94,21,10,2025-12-31
131,2,84,26,10,2025-12-31
132,2,42,34,10,2025-12-31
133,2,134,22,10,2025-12-31
134,2,45,28,10,2025-12-31
135,2,148,35,10,2025-12-31
136,2,71,29,10,2025-12-31
137,2,106,16,10,2025-12-31
138,2,132,18,10,2025-12-31
139,2,141,20,10,2025-12-31
140,2,54,24,10,2025-12-31
141,2,66,24,10,2025-12-31
142,2,78,30,10,2025-12-31
143,2,144,32,10,2025-12-31
144,2,137,14,10,2025-12-31
145,2,115,22,10,2025-12-31
146,2,107,25,10,2025-12-31
147,2,46,31,10,2025-12-31
148,2,103,29,10,2025-12-31
149,2,74,22,10,2025-12-31
150,2,79,28,10,2025-12-31
151,2,25,33,10,2025-12-31
152,2,10,28,10,2025-12-31
153,2,39,24,10,2025-12-31
154,2,98,28,10,2025-12-31
155,2,83,19,10,2025-12-31
156,2,8,29,10,2025-12-31
157,2,21,18,10,2025-12-31
158,2,60,30,10,2025-12-31
159,2,120,25,10,2025-12-31
160,2,1,30,10,2025-12-31
161,2,123,18,10,2025-12-31
162,2,2,26,10,2025-12-31
163,2,95,22,10,2025-12-31
164,2,102,16,10,2025-12-31
165,2,121,26,10,2025-12-31
166,2,16,26,10,2025-12-31
167,2,130,25,10,2025-12-31
168,2,48,22,10,2025-12-31
169,2,88,28,10,2025-12-31
170,2,55,31,10,2025-12-31
171,2,26,32,10,2025-12-31
172,2,93,18,10,2025-12-31
173,2,7,27,10,2025-12-31
174,2,112,25,10,2025-12-31
175,2,59,21,10,2025-12-31
176,2,110,28,10,2025-12-31
177,2,100,24,10,2025-12-31
178,2,126,26,10,2025-12-31
179,2,20,27,10,2025-12-31
180,2,76,26,10,2025-12-31
181,2,19,26,10,2025-12-31
182,2,75,24,10,2025-12-31
183,2,147,28,10,2025-12-31
184,2,12,28,10,2025-12-31
185,2,43,20,10,2025-12-31
186,2,53,29,10,2025-12-31
187,2,31,20,10,2025-12-31
188,2,41,30,10,2025-12-31
189,2,119,24,10,2025-12-31
190,2,67,31,10,2025-12-31
191,2,111,20,10,2025-12-31
192,2,101,29,10,2025-12-31
193,2,96,29,10,2025-12-31
194,2,47,24,10,2025-12-31
195,2,97,29,10,2025-12-31
196,2,125,31,10,2025-12-31
197,2,122,29,10,2025-12-31
198,2,81,39,10,2025-12-31
199,2,131,24,10,2025-12-31
200,2,128,27,10,2025-12-31
201,2,62,22,10,2025-12-31
202,2,18,21,10,2025-12-31
203,2,68,30,10,2025-12-31
204,2,4,21,10,2025-12-31
205,2,138,21,10,2025-12-31
206,2,58,17,10,2025-12-31
207,2,117,22,10,2025-12-31
208,2,6,19,10,2025-12-31
209,2,44,32,10,2025-12-31
210,2,23,13,10,2025-12-31
211,2,36,24,10,2025-12-31
212,2,113,18,10,2025-12-31
213,2,63,28,10,2025-12-31
214,2,105,27,10,2025-12-31
215,2,22,31,10,2025-12-31
216,2,33,31,10,2025-12-31
217,2,129,23,10,2025-12-31
218,2,13,31,10,2025-12-31
219,2,40,28,10,2025-12-31
220,2,56,33,10,2025-12-31
221,2,118,18,10,2025-12-31
222,2,49,20,10,2025-12-31
223,2,142,17,10,2025-12-31
224,2,69,18,10,2025-12-31
225,2,14,23,10,2025-12-31
226,2,136,28,10,2025-12-31
227,2,28,15,10,2025-12-31
228,2,139,20,10,2025-12-31
229,2,89,29,10,2025-12-31
230,2,86,22,10,2025-12-31
231,2,70,27,10,2025-12-31
232,2,80,25,10,2025-12-31
233,2,64,21,10,2025-12-31
234,2,91,20,10,2025-12-31
235,2,73,18,10,2025-12-31
236,2,135,23,10,2025-12-31
237,3,31,34,10,2025-12-31
238,3,93,28,10,2025-12-31
239,3,39,28,10,2025-12-31
240,3,9,18,10,2025-12-31
241,3,34,28,10,2025-12-31
242,3,19,37,10,2025-12-31
243,3,12,29,10,2025-12-31
244,3,49,21,10,2025-12-31
245,3,146,31,10,2025-12-31
246,3,121,21,10,2025-12-31
247,3,125,27,10,2025-12-31
248,3,92,22,10,2025-12-31
249,3,33,20,10,2025-12-31
250,3,128,28,10,2025-12-31
251,3,25,20,10,2025-12-31
252,3,64,21,10,2025-12-31
253,3,56,23,10,2025-12-31
254,3,74,15,10,2025-12-31
255,3,48,17,10,2025-12-31
256,3,52,26,10,2025-12-31
257,3,89,25,10,2025-12-31
258,3,112,35,10,2025-12-31
259,3,3,26,10,2025-12-31
260,3,42,22,10,2025-12-31
261,3,108,27,10,2025-12-31
262,3,138,23,10,2025-12-31
263,3,11,23,10,2025-12-31
264,3,69,23,10,2025-12-31
265,3,135,24,10,2025-12-31
266,3,46,28,10,2025-12-31
267,3,5,31,10,2025-12-31
268,3,95,25,10,2025-12-31
269,3,98,28,10,2025-12-31
270,3,16,29,10,2025-12-31
271,3,60,28,10,2025-12-31
272,3,58,25,10,2025-12-31
273,3,36,35,10,2025-12-31
274,3,119,27,10,2025-12-31
275,3,133,19,10,2025-12-31
276,3,142,21,10,2025-12-31
277,3,45,30,10,2025-12-31
278,3,96,23,10,2025-12-31
279,3,143,27,10,2025-12-31
280,3,14,38,10,2025-12-31
281,3,101,28,10,2025-12-31
282,3,15,23,10,2025-12-31
283,3,114,24,10,2025-12-31
284,3,43,25,10,2025-12-31
285,3,115,27,10,2025-12-31
286,3,100,23,10,2025-12-31
287,3,87,27,10,2025-12-31
288,3,22,27,10,2025-12-31
289,3,75,28,10,2025-12-31
290,3,17,27,10,2025-12-31
291,3,104,21,10,2025-12-31
292,3,29,26,10,2025-12-31
293,3,41,25,10,2025-12-31
294,3,148,24,10,2025-12-31
295,3,65,18,10,2025-12-31
296,3,103,33,10,2025-12-31
297,3,13,24,10,2025-12-31
298,3,120,16,10,2025-12-31
299,3,107,27,10,2025-12-31
300,3,144,27,10,2025-12-31
301,3,97,23,10,2025-12-31
302,3,80,29,10,2025-12-31
303,3,63,22,10,2025-12-31
304,3,77,37,10,2025-12-31
305,3,54,32,10,2025-12-31
306,3,68,32,10,2025-12-31
307,3,76,29,10,2025-12-31
308,3,55,23,10,2025-12-31
309,3,132,26,10,2025-12-31
310,3,35,18,10,2025-12-31
311,3,21,28,10,2025-12-31
312,3,85,23,10,2025-12-31
313,3,51,28,10,2025-12-31
314,3,126,25,10,2025-12-31
315,3,139,16,10,2025-12-31
316,3,18,20,10,2025-12-31
317,3,71,19,10,2025-12-31
318,3,26,36,10,2025-12-31
319,3,4,20,10,2025-12-31
320,3,6,19,10,2025-12-31
321,3,116,27,10,2025-12-31
322,3,81,36,10,2025-12-31
323,3,23,21,10,2025-12-31
324,3,145,25,10,2025-12-31
325,3,59,20,10,2025-12-31
326,3,30,25,10,2025-12-31
327,3,84,23,10,2025-12-31
328,3,83,27,10,2025-12-31
329,3,40,24,10,2025-12-31
330,3,27,21,10,2025-12-31
331,3,1,29,10,2025-12-31
332,3,136,20,10,2025-12-31
333,3,32,23,10,2025-12-31
334,3,37,19,10,2025-12-31
335,3,79,18,10,2025-12-31
336,3,124,33,10,2025-12-31
337,3,7,25,10,2025-12-31
338,3,50,28,10,2025-12-31
339,3,137,31,10,2025-12-31
340,3,105,19,10,2025-12-31
341,3,72,19,10,2025-12-31
342,3,20,23,10,2025-12-31
343,3,38,33,10,2025-12-31
344,3,62,24,10,2025-12-31
345,3,113,29,10,2025-12-31
346,3,141,16,10,2025-12-31
347,3,102,39,10,2025-12-31
348,3,82,22,10,2025-12-31
349,3,53,23,10,2025-12-31
350,3,70,27,10,2025-12-31
351,3,131,30,10,2025-12-31
352,3,10,23,10,2025-12-31
353,3,111,20,10,2025-12-31
354,3,94,33,10,2025-12-31
355,4,108,24,10,2025-12-31
356,4,23,23,10,2025-12-31
357,4,115,32,10,2025-12-31
358,4,48,23,10,2025-12-31
359,4,25,28,10,2025-12-31
360,4,113,24,10,2025-12-31
361,4,52,19,10,2025-12-31
362,4,93,16,10,2025-12-31
363,4,53,31,10,2025-12-31
364,4,140,33,10,2025-12-31
365,4,74,28,10,2025-12-31
366,4,77,29,10,2025-12-31
367,4,134,30,10,2025-12-31
368,4,67,21,10,2025-12-31
369,4,61,22,10,2025-12-31
370,4,51,32,10,2025-12-31
371,4,9,20,10,2025-12-31
372,4,118,37,10,2025-12-31
373,4,83,24,10,2025-12-31
374,4,119,32,10,2025-12-31
375,4,80,34,10,2025-12-31
376,4,49,35,10,2025-12-31
377,4,40,38,10,2025-12-31
378,4,145,33,10,2025-12-31
379,4,99,29,10,2025-12-31
380,4,114,46,10,2025-12-31
381,4,137,23,10,2025-12-31
382,4,92,24,10,2025-12-31
383,4,69,20,10,2025-12-31
384,4,20,23,10,2025-12-31
385,4,116,28,10,2025-12-31
386,4,94,24,10,2025-12-31
387,4,27,31,10,2025-12-31
388,4,16,14,10,2025-12-31
389,4,124,27,10,2025-12-31
390,4,43,36,10,2025-12-31
391,4,18,25,10,2025-12-31
392,4,21,25,10,2025-12-31
393,4,63,37,10,2025-12-31
394,4,143,25,10,2025-12-31
395,4,125,26,10,2025-12-31
396,4,14,29,10,2025-12-31
397,4,15,31,10,2025-12-31
398,4,107,26,10,2025-12-31
399,4,47,15,10,2025-12-31
400,4,135,19,10,2025-12-31
401,4,136,20,10,2025-12-31
402,4,109,26,10,2025-12-31
403,4,5,22,10,2025-12-31
404,4,39,21,10,2025-12-31
405,4,95,22,10,2025-12-31
406,4,59,21,10,2025-12-31
407,4,123,26,10,2025-12-31
408,4,86,20,10,2025-12-31
409,4,87,22,10,2025-12-31
410,4,62,21,10,2025-12-31
411,4,30,23,10,2025-12-31
412,4,101,30,10,2025-12-31
413,4,46,24,10,2025-12-31
414,4,127,25,10,2025-12-31
415,4,56,26,10,2025-12-31
416,4,90,23,10,2025-12-31
417,4,121,24,10,2025-12-31
418,4,79,20,10,2025-12-31
419,4,147,22,10,2025-12-31
420,4,17,23,10,2025-12-31
421,4,54,16,10,2025-12-31
422,4,76,41,10,2025-12-31
423,4,50,18,10,2025-12-31
424,4,133,24,10,2025-12-31
425,4,106,29,10,2025-12-31
426,4,71,22,10,2025-12-31
427,4,32,19,10,2025-12-31
428,4,144,24,10,2025-12-31
429,4,96,34,10,2025-12-31
430,4,105,27,10,2025-12-31
431,4,139,23,10,2025-12-31
432,4,22,31,10,2025-12-31
433,4,70,24,10,2025-12-31
434,4,112,24,10,2025-12-31
435,4,24,22,10,2025-12-31
436,4,55,22,10,2025-12-31
437,4,1,19,10,2025-12-31
438,4,85,16,10,2025-12-31
439,4,82,28,10,2025-12-31
440,4,89,39,10,2025-12-31
441,4,110,16,10,2025-12-31
442,4,11,26,10,2025-12-31
443,4,81,27,10,2025-12-31
444,4,33,24,10,2025-12-31
445,4,97,31,10,2025-12-31
446,4,141,30,10,2025-12-31
447,4,12,26,10,2025-12-31
448,4,2,21,10,2025-12-31
449,4,117,24,10,2025-12-31
450,4,60,35,10,2025-12-31
451,4,102,25,10,2025-12-31
452,4,8,28,10,2025-12-31
453,4,131,27,10,2025-12-31
454,4,45,29,10,2025-12-31
455,4,26,23,10,2025-12-31
456,4,132,16,10,2025-12-31
457,4,36,22,10,2025-12-31
458,4,128,33,10,2025-12-31
459,4,7,27,10,2025-12-31
460,4,58,21,10,2025-12-31
461,4,31,30,10,2025-12-31
462,4,120,20,10,2025-12-31
463,4,68,30,10,2025-12-31
464,4,129,23,10,2025-12-31
465,4,34,30,10,2025-12-31
466,4,104,30,10,2025-12-31
467,4,72,28,10,2025-12-31
468,4,65,24,10,2025-12-31
469,4,142,27,10,2025-12-31
470,4,37,32,10,2025-12-31
471,4,19,25,10,2025-12-31
472,4,122,25,10,2025-12-31
473,5,54,19,10,2025-12-31
474,5,122,18,10,2025-12-31
475,5,127,28,10,2025-12-31
476,5,35,22,10,2025-12-31
477,5,43,30,10,2025-12-31
478,5,41,25,10,2025-12-31
479,5,60,34,10,2025-12-31
480,5,42,25,10,2025-12-31
481,5,133,24,10,2025-12-31
482,5,38,15,10,2025-12-31
483,5,117,26,10,2025-12-31
484,5,4,31,10,2025-12-31
485,5,142,22,10,2025-12-31
486,5,83,30,10,2025-12-31
487,5,66,27,10,2025-12-31
488,5,57,19,10,2025-12-31
489,5,32,24,10,2025-12-31
490,5,109,33,10,2025-12-31
491,5,94,28,10,2025-12-31
492,5,50,29,10,2025-12-31
493,5,140,30,10,2025-12-31
494,5,37,22,10,2025-12-31
495,5,113,27,10,2025-12-31
496,5,2,26,10,2025-12-31
497,5,75,21,10,2025-12-31
498,5,10,25,10,2025-12-31
499,5,132,29,10,2025-12-31
500,5,102,34,10,2025-12-31
501,5,86,25,10,2025-12-31
502,5,33,25,10,2025-12-31
503,5,93,30,10,2025-12-31
504,5,96,22,10,2025-12-31
505,5,107,26,10,2025-12-31
506,5,87,21,10,2025-12-31
507,5,125,21,10,2025-12-31
508,5,71,27,10,2025-12-31
509,5,81,26,10,2025-12-31
510,5,136,23,10,2025-12-31
511,5,110,34,10,2025-12-31
512,5,139,25,10,2025-12-31
513,5,135,31,10,2025-12-31
514,5,7,31,10,2025-12-31
515,5,55,29,10,2025-12-31
516,5,15,22,10,2025-12-31
517,5,82,19,10,2025-12-31
518,5,59,26,10,2025-12-31
519,5,65,29,10,2025-12-31
520,5,147,23,10,2025-12-31
521,5,85,23,10,2025-12-31
522,5,95,30,10,2025-12-31
523,5,20,22,10,2025-12-31
524,5,8,23,10,2025-12-31
525,5,134,29,10,2025-12-31
526,5,70,23,10,2025-12-31
527,5,45,22,10,2025-12-31
528,5,124,27,10,2025-12-31
529,5,73,19,10,2025-12-31
530,5,22,19,10,2025-12-31
531,5,137,24,10,2025-12-31
532,5,23,23,10,2025-12-31
533,5,30,27,10,2025-12-31
534,5,29,33,10,2025-12-31
535,5,112,26,10,2025-12-31
536,5,1,32,10,2025-12-31
537,5,111,21,10,2025-12-31
538,5,48,21,10,2025-12-31
539,5,123,22,10,2025-12-31
540,5,79,23,10,2025-12-31
541,5,3,28,10,2025-12-31
542,5,108,24,10,2025-12-31
543,5,69,28,10,2025-12-31
544,5,58,34,10,2025-12-31
545,5,6,20,10,2025-12-31
546,5,114,25,10,2025-12-31
547,5,121,15,10,2025-12-31
548,5,104,27,10,2025-12-31
549,5,80,20,10,2025-12-31
550,5,100,19,10,2025-12-31
551,5,148,30,10,2025-12-31
552,5,129,17,10,2025-12-31
553,5,143,30,10,2025-12-31
554,5,61,20,10,2025-12-31
555,5,46,22,10,2025-12-31
556,5,144,29,10,2025-12-31
557,5,27,25,10,2025-12-31
558,5,105,17,10,2025-12-31
559,5,44,41,10,2025-12-31
560,5,103,21,10,2025-12-31
561,5,36,33,10,2025-12-31
562,5,77,27,10,2025-12-31
563,5,78,40,10,2025-12-31
564,5,141,25,10,2025-12-31
565,5,97,28,10,2025-12-31
566,5,90,29,10,2025-12-31
567,5,72,18,10,2025-12-31
568,5,56,18,10,2025-12-31
569,5,89,23,10,2025-12-31
570,5,31,26,10,2025-12-31
571,5,18,24,10,2025-12-31
572,5,14,22,10,2025-12-31
573,5,9,23,10,2025-12-31
574,5,106,21,10,2025-12-31
575,5,99,26,10,2025-12-31
576,5,118,28,10,2025-12-31
577,5,146,28,10,2025-12-31
578,5,49,32,10,2025-12-31
579,5,26,25,10,2025-12-31
580,5,24,24,10,2025-12-31
581,5,51,26,10,2025-12-31
582,5,91,19,10,2025-12-31
583,5,28,25,10,2025-12-31
584,5,62,30,10,2025-12-31
585,5,138,33,10,2025-12-31
586,5,13,19,10,2025-12-31
587,5,16,27,10,2025-12-31
588,5,76,29,10,2025-12-31
589,5,128,27,10,2025-12-31
590,5,40,29,10,2025-12-31
591,6,78,30,10,2025-12-31
592,6,23,27,10,2025-12-31
593,6,77,26,10,2025-12-31
594,6,91,27,10,2025-12-31
595,6,137,24,10,2025-12-31
596,6,88,25,10,2025-12-31
597,6,33,25,10,2025-12-31
598,6,29,25,10,2025-12-31
599,6,107,21,10,2025-12-31
600,6,22,21,10,2025-12-31
601,6,41,29,10,2025-12-31
602,6,104,31,10,2025-12-31
603,6,145,33,10,2025-12-31
604,6,32,25,10,2025-12-31
605,6,56,19,10,2025-12-31
606,6,109,19,10,2025-12-31
607,6,85,29,10,2025-12-31
608,6,7,27,10,2025-12-31
609,6,44,24,10,2025-12-31
610,6,8,36,10,2025-12-31
611,6,34,23,10,2025-12-31
612,6,20,21,10,2025-12-31
613,6,12,23,10,2025-12-31
614,6,47,27,10,2025-12-31
615,6,49,21,10,2025-12-31
616,6,130,24,10,2025-12-31
617,6,18,24,10,2025-12-31
618,6,9,27,10,2025-12-31
619,6,84,25,10,2025-12-31
620,6,24,21,10,2025-12-31
621,6,45,16,10,2025-12-31
622,6,129,19,10,2025-12-31
623,6,97,26,10,2025-12-31
624,6,25,37,10,2025-12-31
625,6,119,18,10,2025-12-31
626,6,121,31,10,2025-12-31
627,6,94,27,10,2025-12-31
628,6,75,30,10,2025-12-31
629,6,139,29,10,2025-12-31
630,6,99,25,10,2025-12-31
631,6,100,28,10,2025-12-31
632,6,27,30,10,2025-12-31
633,6,90,21,10,2025-12-31
634,6,82,25,10,2025-12-31
635,6,14,30,10,2025-12-31
636,6,144,28,10,2025-12-31
637,6,110,15,10,2025-12-31
638,6,28,21,10,2025-12-31
639,6,106,29,10,2025-12-31
640,6,79,31,10,2025-12-31
641,6,92,29,10,2025-12-31
642,6,123,25,10,2025-12-31
643,6,131,18,10,2025-12-31
644,6,58,23,10,2025-12-31
645,6,30,16,10,2025-12-31
646,6,62,20,10,2025-12-31
647,6,38,30,10,2025-12-31
648,6,35,31,10,2025-12-31
649,6,89,21,10,2025-12-31
650,6,147,31,10,2025-12-31
651,6,128,32,10,2025-12-31
652,6,96,23,10,2025-12-31
653,6,115,30,10,2025-12-31
654,6,74,21,10,2025-12-31
655,6,64,21,10,2025-12-31
656,6,148,30,10,2025-12-31
657,6,52,23,10,2025-12-31
658,6,11,27,10,2025-12-31
659,6,57,16,10,2025-12-31
660,6,133,16,10,2025-12-31
661,6,132,30,10,2025-12-31
662,6,117,31,10,2025-12-31
663,6,70,30,10,2025-12-31
664,6,2,31,10,2025-12-31
665,6,63,27,10,2025-12-31
666,6,6,23,10,2025-12-31
667,6,125,27,10,2025-12-31
668,6,93,31,10,2025-12-31
669,6,73,26,10,2025-12-31
670,6,113,29,10,2025-12-31
671,6,116,27,10,2025-12-31
672,6,21,25,10,2025-12-31
673,6,50,28,10,2025-12-31
674,6,19,34,10,2025-12-31
675,6,39,25,10,2025-12-31
676,6,4,21,10,2025-12-31
677,6,40,24,10,2025-12-31
678,6,51,18,10,2025-12-31
679,6,86,26,10,2025-12-31
680,6,141,21,10,2025-12-31
681,6,36,37,10,2025-12-31
682,6,105,19,10,2025-12-31
683,6,138,26,10,2025-12-31
684,6,135,23,10,2025-12-31
685,6,54,25,10,2025-12-31
686,6,61,28,10,2025-12-31
687,6,118,30,10,2025-12-31
688,6,101,18,10,2025-12-31
689,6,66,37,10,2025-12-31
690,6,103,27,10,2025-12-31
691,6,76,32,10,2025-12-31
692,6,134,25,10,2025-12-31
693,6,31,30,10,2025-12-31
694,6,126,32,10,2025-12-31
695,6,140,31,10,2025-12-31
696,6,102,24,10,2025-12-31
697,6,42,22,10,2025-12-31
698,6,146,30,10,2025-12-31
699,6,71,20,10,2025-12-31
700,6,65,29,10,2025-12-31
701,6,72,15,10,2025-12-31
702,6,17,18,10,2025-12-31
703,6,114,24,10,2025-12-31
704,6,68,17,10,2025-12-31
705,6,53,18,10,2025-12-31
706,6,26,30,10,2025-12-31
707,6,67,23,10,2025-12-31
708,6,108,23,10,2025-12-31
