return_id,order_id,order_item_id,return_date,reason,refund_amount
1,1840,3201,2024-05-17,Wrong size,112.19
2,7120,12388,2025-09-11,Damaged/faulty,113.43
3,6816,11855,2024-06-06,Wrong size,104.52
4,2863,5015,2024-06-16,Changed mind,135.82
5,2600,4569,2025-09-24,Changed mind,318.3
6,60,114,2024-12-03,Changed mind,91.89
7,6021,10483,2025-07-11,Late delivery,19.86
8,5632,9822,2024-09-23,Wrong size,103.95
9,962,1667,2024-03-16,Changed mind,92.74
10,1933,3370,2025-10-04,Damaged/faulty,123.75
11,7050,12253,2025-12-01,Damaged/faulty,501.24
12,1350,2335,2025-05-09,Changed mind,338.88
13,6053,10546,2024-05-15,Damaged/faulty,99.26
14,3479,6084,2024-06-06,Wrong size,23.55
15,2314,4054,2025-12-24,Changed mind,61.26
16,3721,6508,2025-09-22,Changed mind,312.57
17,3288,5742,2025-09-30,Changed mind,192.4
18,2817,4942,2024-11-10,Changed mind,110.09
19,5130,8956,2024-12-09,Damaged/faulty,135.92
20,273,478,2024-11-10,Wrong size,85.34
21,1452,2488,2024-02-06,Wrong size,111.53
22,5598,9759,2024-02-22,Changed mind,297.75
23,1694,2922,2024-12-14,Changed mind,65.84
24,6275,10914,2024-10-24,Wrong size,73.76
25,3653,6385,2025-06-20,Changed mind,334.47
26,382,677,2024-01-18,Damaged/faulty,36.36
27,6929,12044,2025-05-14,Damaged/faulty,121.33
28,2784,4884,2024-01-11,Wrong size,29.93
29,7091,12328,2025-04-17,Wrong size,34.01
30,7848,13652,2025-09-09,Wrong size,94.21
31,1248,2161,2024-01-17,Wrong size,233.85
32,4747,8280,2024-11-08,Damaged/faulty,123.75
33,5140,8974,2024-12-12,Changed mind,79.89
34,36,82,2025-02-20,Changed mind,70.88
35,400,708,2024-01-26,Changed mind,542.49
36,1796,3119,2024-10-18,Late delivery,102.53
37,2370,4164,2025-06-02,Wrong size,53.36
38,5695,9937,2025-08-26,Changed mind,135.92
39,3189,5568,2024-05-07,Changed mind,200.76
40,7673,13327,2025-04-19,Changed mind,74.91
41,1969,3444,2024-06-05,Wrong size,114.63
42,4880,8517,2025-01-17,Wrong size,407.46
43,6260,10888,2025-01-03,Wrong size,90.43
44,7595,13186,2025-12-24,Not as described,262.82
45,5510,9600,2025-04-29,Damaged/faulty,501.24
46,2086,3647,2025-03-07,Wrong size,90.43
47,5560,9696,2024-02-14,Wrong size,38.0
48,4116,7200,2025-06-04,Late delivery,135.53
49,4292,7491,2025-07-14,Wrong size,94.67
50,4727,8251,2024-07-24,Wrong size,291.75
51,5770,10064,2025-12-07,Wrong size,217.4
52,453,796,2025-07-04,Late delivery,31.04
53,4976,8694,2024-06-17,Wrong size,121.33
54,5849,10199,2025-04-17,Not as described,34.65
55,3139,5486,2025-01-03,Wrong size,306.48
56,3435,6010,2024-05-02,Wrong size,30.63
57,7438,12921,2025-10-12,Damaged/faulty,31.04
58,1247,2159,2024-08-02,Changed mind,34.01
59,5348,9328,2025-05-10,Changed mind,47.18
60,5780,10079,2025-01-29,Wrong size,270.6
61,716,1257,2024-10-14,Wrong size,109.3
62,7803,13569,2024-09-07,Not as described,89.12
63,2272,3973,2025-12-09,Wrong size,42.1
64,965,1674,2025-05-24,Late delivery,97.25
65,7745,13461,2025-08-13,Changed mind,99.4
66,4921,8601,2024-05-30,Changed mind,153.24
67,6978,12124,2025-03-28,Damaged/faulty,315.78
68,3264,5696,2024-05-11,Not as described,345.06
69,7242,12593,2024-01-18,Late delivery,82.58
70,1415,2435,2025-02-12,Changed mind,74.91
71,3123,5459,2025-02-06,Wrong size,56.23
72,3070,5359,2025-07-12,Wrong size,273.36
73,1087,1884,2024-03-28,Damaged/faulty,64.56
74,1352,2337,2025-04-18,Wrong size,229.26
75,7351,12778,2024-04-04,Wrong size,112.82
76,6861,11924,2024-07-08,Changed mind,114.63
77,1675,2891,2026-01-04,Wrong size,104.13
78,5586,9736,2024-05-29,Changed mind,90.9
79,3591,6270,2024-03-22,Wrong size,59.86
80,939,1624,2025-01-19,Damaged/faulty,226.94
81,6781,11794,2025-10-18,Late delivery,94.21
82,1703,2939,2025-08-15,Changed mind,94.67
83,4711,8217,2024-10-22,Not as described,30.79
84,518,900,2025-12-27,Changed mind,114.0
85,5014,8754,2025-06-15,Not as described,188.08
86,5363,9351,2024-04-09,Damaged/faulty,79.89
87,7440,12926,2024-05-23,Changed mind,21.91
88,7551,13113,2024-04-10,Not as described,20.32
89,7491,13017,2025-03-26,Late delivery,23.55
90,4719,8237,2024-08-20,Changed mind,82.98
91,4966,8677,2025-10-30,Wrong size,108.5
92,4339,7580,2025-12-23,Wrong size,49.84
93,1399,2408,2024-03-09,Wrong size,111.49
94,276,482,2025-09-21,Wrong size,45.93
95,648,1136,2025-04-14,Changed mind,217.0
96,3355,5864,2024-08-27,Changed mind,88.88
97,6257,10879,2024-12-25,Late delivery,287.97
98,7140,12417,2025-09-06,Changed mind,41.29
99,1924,3349,2024-12-01,Late delivery,25.05
100,6514,11330,2024-10-22,Wrong size,90.9
101,2255,3941,2024-12-01,Damaged/faulty,153.24
102,5496,9568,2026-01-01,Not as described,110.24
103,3744,6550,2024-06-16,Late delivery,180.29
104,2854,4995,2025-09-07,Not as described,226.32
105,2343,4111,2025-05-11,Not as described,139.44
106,1107,1916,2024-12-20,Damaged/faulty,70.7
107,7578,13155,2024-03-06,Changed mind,126.68
108,3478,6083,2025-11-13,Wrong size,63.14
109,2986,5222,2025-06-20,Wrong size,94.21
110,2128,3725,2025-05-31,Wrong size,234.96
111,6587,11461,2024-10-08,Wrong size,99.25
112,3476,6077,2024-06-07,Damaged/faulty,75.62
113,4150,7261,2024-04-01,Damaged/faulty,30.63
114,3133,5473,2024-05-11,Wrong size,72.73
115,1831,3181,2024-06-29,Wrong size,112.96
116,7699,13378,2024-03-07,Wrong size,131.31
117,1618,2794,2025-09-27,Wrong size,93.96
118,303,528,2024-04-13,Wrong size,90.2
119,2359,4142,2024-09-25,Changed mind,141.3
120,1080,1869,2024-10-30,Wrong size,111.89
121,6417,11152,2024-07-29,Changed mind,278.58
122,5594,9751,2025-05-02,Not as described,180.83
123,7497,13025,2024-10-29,Changed mind,178.06
124,2857,5001,2024-03-05,Wrong size,334.16
125,4491,7836,2024-07-06,Wrong size,135.82
126,1319,2285,2025-06-08,Damaged/faulty,121.33
127,6656,11578,2025-12-15,Wrong size,73.46
128,5648,9858,2024-11-28,Changed mind,131.41
129,832,1452,2024-06-09,Wrong size,42.67
130,5519,9617,2025-09-21,Wrong size,42.67
131,657,1154,2025-03-31,Wrong size,108.7
132,7457,12960,2025-01-24,Changed mind,100.46
133,1722,2972,2025-04-26,Changed mind,56.25
134,2918,5105,2024-11-21,Changed mind,89.12
135,4698,8199,2025-08-24,Wrong size,292.59
136,5031,8785,2025-10-08,Changed mind,156.57
137,5733,10005,2025-07-02,Damaged/faulty,115.02
138,5744,10020,2024-10-30,Wrong size,82.98
139,56,109,2025-06-13,Damaged/faulty,136.68
140,3946,6917,2024-08-13,Late delivery,49.7
141,284,495,2024-05-23,Changed mind,113.07
142,7102,12346,2024-10-12,Wrong size,68.19
143,2692,4734,2025-04-07,Wrong size,288.6
144,2308,4042,2024-10-19,Changed mind,93.96
145,1746,3017,2025-02-10,Not as described,335.42
146,4468,7799,2024-09-07,Damaged/faulty,74.91
147,6053,10548,2024-05-10,Late delivery,39.66
148,6286,10935,2025-10-18,Damaged/faulty,326.14
149,2351,4128,2025-07-10,Changed mind,342.0
150,6018,10477,2025-01-20,Not as described,31.04
151,4847,8454,2024-02-11,Late delivery,113.07
152,7843,13642,2025-12-13,Late delivery,95.99
153,5589,9740,2024-01-22,Not as described,51.08
154,4868,8495,2024-04-12,Wrong size,70.88
155,3076,5370,2024-07-13,Damaged/faulty,182.46
156,1709,2947,2025-09-27,Changed mind,30.63
157,4144,7249,2024-09-29,Wrong size,153.24
158,2916,5099,2025-11-24,Damaged/faulty,43.25
159,4552,7950,2024-06-01,Changed mind,33.34
160,998,1725,2024-03-07,Wrong size,313.53
161,6573,11432,2025-11-30,Wrong size,141.3
162,5824,10151,2025-12-29,Changed mind,42.12
163,7274,12648,2025-09-02,Damaged/faulty,334.16
164,7314,12715,2025-03-23,Wrong size,87.54
165,3850,6739,2025-05-18,Changed mind,224.38
166,1133,1957,2024-02-02,Wrong size,94.04
167,6878,11959,2025-04-01,Wrong size,96.04
168,899,1558,2025-09-18,Changed mind,94.21
169,5506,9592,2025-11-26,Not as described,21.91
170,2060,3598,2025-06-24,Changed mind,68.19
171,2578,4528,2024-12-25,Damaged/faulty,126.94
172,5080,8876,2024-06-29,Changed mind,135.32
173,413,730,2024-09-11,Not as described,86.5
174,1150,1989,2025-10-10,Late delivery,118.98
175,7052,12258,2025-01-20,Wrong size,27.52
176,2389,4200,2026-01-15,Wrong size,222.98
177,7571,13146,2025-02-19,Wrong size,41.29
178,5280,9205,2024-10-12,Wrong size,105.26
179,6990,12147,2024-09-08,Wrong size,94.49
180,6019,10478,2024-08-02,Late delivery,93.3
181,6629,11532,2025-09-20,Wrong size,48.07
182,372,661,2024-08-17,Damaged/faulty,139.56
183,3061,5344,2024-07-28,Late delivery,122.1
184,7695,13369,2025-06-27,Changed mind,167.08
185,5690,9928,2024-06-08,Late delivery,50.25
186,572,1002,2024-03-26,Not as described,104.19
187,6265,10899,2025-03-07,Wrong size,205.06
188,5437,9470,2024-05-21,Wrong size,135.32
189,5441,9476,2025-08-21,Changed mind,92.37
190,4351,7601,2025-06-25,Changed mind,122.66
191,6448,11205,2025-02-19,Changed mind,136.38
192,3154,5511,2024-05-31,Wrong size,242.66
193,899,1560,2025-09-30,Wrong size,73.69
194,5068,8848,2025-01-11,Wrong size,107.96
195,4066,7122,2024-06-06,Changed mind,42.1
196,3875,6788,2025-12-11,Late delivery,181.86
197,6409,11138,2025-04-17,Wrong size,101.8
198,3495,6115,2024-10-26,Damaged/faulty,94.04
199,2141,3750,2025-11-27,Damaged/faulty,61.58
200,4870,8498,2025-08-02,Damaged/faulty,41.29
201,3152,5508,2024-07-21,Wrong size,106.3
202,6292,10942,2026-01-11,Wrong size,56.41
203,285,498,2025-10-03,Changed mind,101.79
204,4263,7442,2025-01-26,Wrong size,81.24
205,3524,6165,2024-04-25,Damaged/faulty,96.2
206,6424,11163,2024-12-25,Wrong size,153.24
207,1322,2290,2024-03-24,Wrong size,69.72
208,488,852,2024-09-08,Not as described,70.88
209,3621,6331,2024-03-23,Changed mind,48.57
210,3321,5803,2025-10-22,Changed mind,112.46
211,3205,5590,2024-05-26,Wrong size,106.3
212,3265,5700,2025-10-10,Wrong size,104.19
213,5304,9246,2024-11-16,Wrong size,72.73
214,3862,6767,2024-11-12,Damaged/faulty,291.75
215,1979,3460,2025-12-02,Late delivery,326.1
216,2939,5142,2024-07-01,Wrong size,60.62
217,5966,10394,2024-05-29,Damaged/faulty,70.88
218,617,1083,2025-11-16,Damaged/faulty,153.39
219,6087,10611,2024-02-15,Changed mind,136.68
220,4397,7679,2025-12-20,Changed mind,50.23
221,326,574,2024-04-15,Wrong size,29.93
222,4624,8075,2025-06-19,Wrong size,115.02
223,6451,11212,2024-03-07,Changed mind,220.18
224,3140,5487,2024-12-09,Wrong size,145.46
225,6330,11007,2025-09-11,Damaged/faulty,405.96
226,6483,11265,2024-11-10,Not as described,99.25
227,4126,7216,2024-01-24,Changed mind,122.66
228,1732,2991,2024-10-03,Wrong size,367.98
229,4974,8690,2025-04-26,Wrong size,65.84
230,3801,6650,2025-08-17,Wrong size,204.24
231,5497,9572,2025-08-22,Changed mind,96.04
232,3594,6275,2025-12-06,Damaged/faulty,32.28
233,6676,11612,2024-01-28,Wrong size,69.78
234,3619,6325,2025-09-12,Damaged/faulty,108.7
235,3232,5642,2025-08-17,Wrong size,247.5
236,1222,2115,2025-04-27,Changed mind,141.76
237,1369,2363,2025-12-16,Wrong size,93.12
238,4951,8649,2024-11-17,Damaged/faulty,147.52
239,6360,11053,2025-07-16,Late delivery,93.3
240,2296,4022,2025-05-09,Changed mind,267.09
241,4467,7798,2025-09-25,Changed mind,66.92
242,2200,3847,2024-07-23,Late delivery,81.24
243,6297,10954,2024-08-01,Changed mind,59.86
244,420,744,2025-10-18,Wrong size,89.12
245,7741,13453,2024-11-26,Wrong size,69.72
246,824,1438,2025-06-23,Wrong size,180.29
247,571,1000,2024-09-21,Damaged/faulty,96.2
248,4140,7244,2025-03-09,Damaged/faulty,56.25
249,6507,11315,2024-03-02,Changed mind,123.35
250,7752,13476,2025-09-05,Not as described,30.63
251,3444,6025,2024-03-06,Not as described,90.2
252,901,1563,2025-03-02,Damaged/faulty,122.66
253,5176,9030,2025-12-13,Wrong size,43.77
254,2053,3586,2025-07-21,Wrong size,42.1
255,1316,2278,2025-01-03,Wrong size,136.68
256,1584,2727,2024-08-10,Wrong size,177.76
257,4800,8374,2024-10-04,Changed mind,236.28
258,114,205,2024-06-29,Wrong size,94.49
259,2718,4778,2025-08-04,Not as described,94.49
260,4375,7645,2024-07-26,Changed mind,97.25
261,519,902,2024-06-06,Damaged/faulty,202.46
262,4114,7198,2025-03-25,Late delivery,94.49
263,2568,4511,2025-04-30,Damaged/faulty,30.79
264,4845,8448,2024-12-12,Wrong size,91.23
265,3387,5922,2025-04-16,Changed mind,74.91
266,4831,8429,2024-10-23,Changed mind,88.88
267,4634,8091,2025-07-18,Wrong size,115.02
268,1006,1736,2025-08-15,Late delivery,97.53
269,7441,12928,2024-09-29,Damaged/faulty,33.34
270,7715,13405,2025-04-12,Wrong size,104.51
271,1696,2927,2025-11-21,Wrong size,144.21
272,3510,6145,2025-12-30,Late delivery,270.64
273,2949,5162,2024-08-15,Wrong size,47.63
274,7074,12295,2024-01-22,Wrong size,105.94
275,2813,4935,2025-01-01,Wrong size,50.23
276,5472,9527,2024-03-15,Damaged/faulty,136.68
277,3628,6346,2024-05-02,Changed mind,181.8
278,1725,2978,2025-11-02,Wrong size,132.0
279,2208,3860,2024-08-05,Changed mind,407.76
280,1096,1900,2025-02-17,Damaged/faulty,75.15
281,6625,11527,2024-10-31,Damaged/faulty,42.1
282,6899,11994,2025-10-16,Wrong size,104.19
283,6907,12007,2025-08-06,Changed mind,297.75
284,1262,2185,2025-02-05,Not as described,131.14
285,7229,12569,2024-06-05,Changed mind,186.6
286,2537,4452,2024-01-28,Damaged/faulty,159.15
287,4917,8593,2025-02-15,Wrong size,104.52
288,1996,3492,2025-02-02,Changed mind,63.47
289,3027,5295,2024-03-26,Wrong size,114.0
290,7,16,2024-08-06,Not as described,139.56
291,488,853,2024-09-26,Not as described,88.88
292,1166,2014,2025-12-31,Not as described,233.85
293,5257,9163,2024-02-07,Wrong size,89.48
294,2890,5061,2024-01-16,Wrong size,94.49
295,5831,10162,2025-07-18,Wrong size,222.98
296,531,922,2025-09-20,Wrong size,25.05
297,1720,2968,2024-02-12,Changed mind,74.91
298,3934,6894,2025-07-20,Damaged/faulty,115.41
299,75,140,2025-11-12,Wrong size,70.88
300,2117,3701,2025-03-17,Wrong size,69.72
301,857,1491,2025-03-28,Damaged/faulty,112.96
302,2846,4982,2025-04-08,Not as described,115.41
303,1865,3240,2026-01-05,Changed mind,126.68
304,7611,13211,2024-08-24,Late delivery,97.53
305,2321,4064,2024-06-25,Late delivery,228.0
306,6067,10577,2024-06-05,Changed mind,43.82
307,6681,11619,2025-07-21,Changed mind,113.16
308,6685,11626,2024-03-14,Wrong size,49.84
309,4940,8630,2025-06-12,Late delivery,155.42
310,7694,13366,2024-10-09,Wrong size,89.48
311,6950,12081,2024-02-29,Late delivery,156.36
312,5037,8795,2025-11-22,Not as described,68.19
313,7549,13111,2024-09-07,Wrong size,53.36
314,6675,11609,2024-02-08,Wrong size,189.34
315,2793,4902,2025-08-19,Changed mind,90.2
316,994,1718,2025-02-03,Changed mind,43.25
317,3513,6150,2024-12-23,Wrong size,90.43
318,123,218,2025-10-04,Damaged/faulty,110.24
319,2306,4039,2024-03-06,Damaged/faulty,188.08
320,2950,5163,2024-08-06,Changed mind,113.07
321,1837,3196,2024-09-08,Changed mind,66.92
322,2304,4036,2025-04-23,Changed mind,101.8
323,1597,2755,2024-02-27,Wrong size,153.39
324,3752,6566,2025-10-26,Wrong size,114.63
325,2867,5021,2025-06-13,Damaged/faulty,20.32
326,2671,4692,2024-10-22,Changed mind,77.95
327,2289,4007,2025-04-08,Changed mind,37.81
328,7607,13204,2024-11-20,Damaged/faulty,247.5
329,4409,7696,2024-01-22,Changed mind,96.04
330,458,805,2025-10-21,Damaged/faulty,215.92
331,2960,5181,2025-05-16,Wrong size,50.23
332,1466,2512,2025-12-12,Damaged/faulty,51.13
333,6744,11727,2024-09-10,Wrong size,167.82
334,1767,3064,2025-12-26,Changed mind,267.09
335,5006,8743,2025-12-14,Wrong size,115.02
336,3470,6070,2024-12-21,Changed mind,99.25
337,4748,8282,2024-07-29,Wrong size,135.53
338,5154,8994,2025-10-25,Wrong size,104.19
339,1339,2317,2025-01-08,Not as described,113.47
340,2665,4683,2025-12-23,Damaged/faulty,279.9
341,2401,4222,2024-12-10,Damaged/faulty,99.26
342,35,79,2024-06-21,Wrong size,66.92
343,4109,7189,2025-08-19,Late delivery,111.53
344,6552,11397,2024-12-29,Late delivery,180.29
345,6390,11106,2025-01-21,Wrong size,47.02
346,5666,9885,2024-12-10,Changed mind,42.67
347,1762,3050,2024-10-26,Damaged/faulty,270.64
348,3264,5697,2024-05-18,Changed mind,47.18
349,1614,2786,2025-09-25,Changed mind,34.01
350,2897,5070,2025-04-20,Changed mind,25.01
351,7471,12982,2025-10-18,Changed mind,63.47
352,3664,6402,2025-08-07,Damaged/faulty,217.0
353,7776,13521,2024-09-21,Wrong size,112.82
354,3238,5654,2024-09-30,Wrong size,114.63
355,7426,12902,2024-07-22,Changed mind,33.35
356,2360,4147,2024-05-26,Wrong size,122.1
357,231,406,2024-08-22,Not as described,115.02
358,3915,6858,2024-02-04,Changed mind,225.92
359,823,1437,2025-08-27,Changed mind,74.91
360,6296,10952,2025-07-23,Wrong size,43.77
361,239,421,2025-11-16,Wrong size,92.86
362,4147,7253,2025-03-26,Changed mind,33.35
363,119,213,2024-05-14,Damaged/faulty,99.26
364,6341,11026,2024-04-11,Changed mind,114.0
365,7707,13389,2024-02-04,Changed mind,19.86
366,2751,4835,2025-05-29,Late delivery,170.04
367,2152,3772,2025-08-28,Damaged/faulty,167.82
368,1793,3114,2025-12-03,Wrong size,115.68
369,5366,9355,2025-08-16,Wrong size,63.47
370,288,505,2024-03-06,Changed mind,220.18
371,4694,8191,2025-03-09,Late delivery,95.99
372,1591,2744,2026-01-05,Changed mind,24.92
373,5292,9228,2024-07-07,Damaged/faulty,52.19
374,1612,2782,2025-09-28,Late delivery,111.89
375,3796,6640,2025-04-14,Not as described,111.89
376,4992,8724,2025-06-05,Wrong size,106.3
377,3404,5958,2024-03-25,Not as described,78.32
378,7496,13023,2024-05-22,Wrong size,40.64
379,7693,13364,2025-09-11,Changed mind,156.36
380,6431,11179,2025-06-22,Changed mind,109.3
381,129,228,2025-02-07,Wrong size,89.03
382,7703,13382,2025-08-11,Wrong size,135.53
383,4431,7738,2024-04-01,Damaged/faulty,111.49
384,7832,13623,2024-07-23,Wrong size,47.63
385,2682,4712,2025-01-22,Wrong size,73.76
386,4990,8718,2024-03-03,Damaged/faulty,112.19
387,1451,2487,2024-08-18,Wrong size,45.93
388,1324,2294,2025-04-27,Damaged/faulty,53.36
389,4384,7659,2024-04-26,Wrong size,33.34
390,3759,6582,2025-04-12,Wrong size,469.08
391,7358,12791,2024-05-02,Damaged/faulty,101.79
392,1166,2013,2025-12-24,Not as described,90.9
393,2610,4586,2025-10-19,Not as described,47.02
394,6978,12125,2025-04-08,Late delivery,208.38
395,1011,1745,2025-12-14,Damaged/faulty,94.67
396,340,601,2025-08-29,Changed mind,100.05
397,6706,11659,2024-08-06,Late delivery,101.23
398,3777,6611,2025-08-03,Changed mind,48.57
399,1964,3435,2025-08-15,Damaged/faulty,104.19
400,437,767,2024-08-01,Wrong size,81.24
401,4896,8553,2024-11-01,Wrong size,36.36
402,5283,9209,2024-12-03,Wrong size,160.16
403,3192,5573,2024-06-07,Wrong size,156.64
404,5688,9926,2025-11-23,Not as described,92.37
405,3276,5719,2024-11-15,Changed mind,340.41
406,3118,5451,2025-02-10,Damaged/faulty,313.53
407,7295,12682,2025-12-15,Changed mind,156.57
408,63,117,2025-07-13,Damaged/faulty,156.36
409,2532,4444,2025-12-17,Damaged/faulty,94.21
410,7173,12472,2024-12-25,Not as described,73.69
411,1733,2993,2024-08-07,Wrong size,139.56
412,2423,4265,2024-06-15,Wrong size,24.92
413,5510,9601,2025-05-01,Late delivery,217.4
414,4814,8400,2025-06-05,Wrong size,95.26
415,7502,13032,2025-04-15,Changed mind,135.53
416,4016,7043,2025-10-28,Changed mind,318.9
417,5811,10130,2024-08-13,Changed mind,131.14
418,3303,5770,2025-11-25,Changed mind,78.32
419,6907,12006,2025-08-07,Wrong size,208.26
420,5768,10061,2025-03-14,Damaged/faulty,94.67
421,1009,1741,2025-04-19,Changed mind,167.82
422,5631,9821,2025-10-04,Wrong size,102.16
423,2897,5072,2025-04-13,Late delivery,50.25
424,427,752,2024-06-14,Changed mind,114.63
425,2723,4791,2024-08-24,Late delivery,62.08
426,732,1288,2024-01-23,Damaged/faulty,335.64
427,7786,13537,2025-08-29,Changed mind,50.25
428,7327,12735,2024-09-25,Not as described,69.72
429,5061,8836,2025-02-15,Changed mind,94.36
430,6448,11206,2025-02-25,Not as described,73.69
431,6009,10461,2024-01-15,Not as described,278.58
432,6916,12023,2025-04-14,Damaged/faulty,90.2
433,1493,2562,2025-01-05,Changed mind,97.25
434,2421,4260,2024-08-16,Damaged/faulty,49.84
435,2285,3997,2024-11-01,Changed mind,203.6
436,5806,10120,2025-04-28,Damaged/faulty,127.2
437,7569,13139,2025-09-06,Changed mind,72.73
438,7361,12799,2024-10-06,Wrong size,96.2
439,3405,5959,2025-07-07,Changed mind,223.78
440,1803,3132,2025-05-12,Damaged/faulty,65.57
441,1346,2328,2025-04-13,Changed mind,231.36
442,1269,2198,2025-07-17,Wrong size,110.09
443,2904,5081,2024-11-24,Wrong size,111.49
444,4812,8396,2025-09-19,Wrong size,209.16
445,6938,12061,2024-05-27,Not as described,167.08
446,413,731,2024-09-22,Changed mind,135.92
447,5354,9336,2024-06-19,Changed mind,131.41
448,7763,13496,2024-07-05,Damaged/faulty,111.49
449,2956,5174,2025-12-08,Damaged/faulty,115.02
450,6560,11410,2025-05-01,Changed mind,60.62
451,5456,9497,2025-09-09,Changed mind,24.92
452,3382,5912,2024-09-05,Wrong size,139.56
453,6555,11404,2025-11-19,Damaged/faulty,100.46
454,6771,11772,2025-06-02,Not as described,79.89
455,7032,12219,2025-03-14,Wrong size,48.57
456,3956,6932,2024-04-11,Damaged/faulty,188.08
457,6654,11573,2024-01-15,Late delivery,334.47
458,1756,3038,2024-02-23,Wrong size,65.57
459,5739,10014,2025-03-30,Wrong size,188.08
460,2621,4604,2024-06-03,Wrong size,135.92
461,6778,11788,2024-06-12,Wrong size,79.89
462,943,1630,2025-02-09,Late delivery,108.7
463,4510,7876,2025-05-21,Wrong size,81.24
464,7470,12981,2025-04-28,Changed mind,98.76
465,6060,10564,2024-11-12,Changed mind,133.84
466,3278,5724,2025-10-13,Wrong size,126.68
467,7354,12781,2024-02-21,Changed mind,104.51
468,4587,8010,2024-05-02,Changed mind,188.08
469,201,352,2024-01-27,Wrong size,97.53
470,4698,8197,2025-09-06,Late delivery,29.93
471,3770,6596,2025-05-03,Damaged/faulty,66.0
472,5706,9954,2024-12-09,Wrong size,96.04
473,7088,12322,2024-10-11,Changed mind,109.3
474,2893,5066,2025-05-29,Not as described,320.32
475,2770,4865,2025-05-12,Wrong size,107.96
476,2605,4577,2024-09-10,Damaged/faulty,271.29
477,2757,4842,2025-03-17,Wrong size,69.78
478,4003,7017,2025-04-29,Wrong size,121.33
479,3041,5314,2024-03-04,Wrong size,33.35
480,7168,12466,2024-04-16,Damaged/faulty,25.05
481,4617,8063,2025-08-12,Wrong size,50.02
482,5651,9865,2025-04-28,Wrong size,65.84
483,395,699,2025-03-13,Changed mind,69.72
484,4244,7410,2025-07-06,Wrong size,141.3
485,4102,7178,2024-09-19,Not as described,47.18
486,2363,4152,2025-12-15,Changed mind,155.42
487,1834,3188,2024-01-15,Changed mind,122.66
488,1747,3018,2025-02-18,Damaged/faulty,90.2
489,5388,9389,2025-11-20,Wrong size,47.02
490,6208,10794,2024-02-06,Damaged/faulty,159.15
491,1827,3174,2024-05-16,Changed mind,170.04
492,6962,12101,2024-04-12,Late delivery,284.01
493,6466,11236,2025-12-27,Wrong size,189.42
494,1629,2815,2024-06-05,Changed mind,49.7
495,3329,5820,2025-06-30,Not as described,208.26
496,1815,3156,2024-10-25,Late delivery,123.75
497,2245,3923,2024-02-02,Wrong size,29.93
498,3921,6869,2024-05-18,Damaged/faulty,131.41
499,249,436,2024-10-09,Wrong size,114.63
500,5343,9319,2024-02-24,Late delivery,33.35
501,1507,2586,2024-01-19,Wrong size,208.38
502,6875,11952,2025-06-27,Changed mind,94.21
503,7340,12758,2025-06-12,Damaged/faulty,30.79
504,1574,2708,2024-11-24,Wrong size,129.75
505,1944,3392,2025-05-27,Not as described,59.58
506,4589,8015,2024-04-12,Wrong size,72.73
507,875,1517,2024-12-20,Wrong size,30.63
508,7785,13536,2024-04-27,Changed mind,197.52
509,3051,5327,2024-03-27,Damaged/faulty,123.35
510,2647,4645,2025-12-21,Changed mind,288.6
511,2796,4910,2025-12-03,Late delivery,105.94
512,7045,12248,2024-03-28,Changed mind,110.09
513,5600,9763,2025-05-01,Changed mind,91.23
514,190,334,2025-02-12,Wrong size,89.03
515,4849,8459,2025-08-15,Damaged/faulty,282.6
516,2708,4762,2024-06-29,Wrong size,21.91
517,1388,2391,2024-07-31,Changed mind,115.41
518,1498,2574,2025-12-25,Wrong size,111.49
519,5403,9411,2024-05-01,Late delivery,47.63
520,2445,4301,2024-02-21,Damaged/faulty,181.86
521,2477,4349,2024-10-04,Not as described,105.94
522,7553,13115,2024-11-20,Late delivery,226.14
523,10,22,2025-07-30,Wrong size,77.71
524,4141,7245,2024-09-02,Changed mind,135.92
525,3563,6222,2025-01-11,Not as described,123.75
526,2266,3961,2024-03-21,Changed mind,114.0
527,6267,10901,2024-11-03,Damaged/faulty,41.29
528,3125,5461,2025-12-31,Not as described,93.12
529,4114,7195,2025-03-14,Changed mind,50.1
530,2827,4957,2024-02-07,Changed mind,345.06
531,284,496,2024-05-13,Wrong size,102.12
532,1599,2760,2025-06-30,Changed mind,55.04
533,7730,13436,2025-11-26,Changed mind,217.4
534,4318,7543,2024-10-17,Damaged/faulty,126.68
535,610,1075,2024-09-25,Wrong size,34.65
536,135,240,2025-05-18,Damaged/faulty,105.94
537,5421,9444,2024-05-21,Late delivery,209.04
538,7187,12501,2026-01-10,Changed mind,121.33
539,7651,13282,2025-12-24,Not as described,91.23
540,1629,2813,2024-06-10,Changed mind,65.73
541,6749,11736,2024-03-30,Changed mind,49.84
542,2327,4077,2024-04-21,Damaged/faulty,48.07
543,4188,7327,2025-01-19,Late delivery,96.2
544,7286,12668,2025-11-28,Damaged/faulty,136.68
545,5608,9781,2025-09-19,Wrong size,185.72
546,3504,6135,2025-11-19,Damaged/faulty,334.59
547,6802,11831,2024-05-14,Not as described,74.91
548,197,345,2024-07-14,Wrong size,39.66
549,5696,9938,2025-09-20,Damaged/faulty,69.78
550,6699,11648,2025-10-12,Wrong size,147.52
551,3633,6353,2024-07-12,Wrong size,68.19
552,2026,3540,2025-06-27,Damaged/faulty,112.46
553,3747,6554,2025-09-21,Wrong size,167.82
554,3783,6620,2025-06-03,Damaged/faulty,110.24
555,6336,11015,2025-03-27,Wrong size,85.02
556,6601,11487,2024-11-24,Changed mind,345.06
557,4770,8319,2025-02-12,Wrong size,367.98
558,4026,7062,2025-03-18,Wrong size,77.95
559,1619,2797,2024-07-09,Not as described,42.1
560,2658,4664,2025-02-06,Changed mind,93.96
561,4737,8265,2024-09-01,Damaged/faulty,94.67
562,2281,3990,2025-10-03,Changed mind,33.35
563,2609,4584,2025-01-17,Wrong size,162.48
564,1804,3135,2024-08-30,Wrong size,380.04
565,7519,13066,2025-05-10,Wrong size,104.13
566,363,643,2024-09-23,Damaged/faulty,81.24
567,3892,6818,2024-07-30,Damaged/faulty,196.71
568,272,477,2024-12-18,Changed mind,51.13
569,7006,12173,2024-10-28,Changed mind,95.99
570,3056,5338,2024-03-08,Changed mind,31.04
571,980,1693,2024-07-22,Not as described,85.02
572,3604,6292,2025-12-07,Not as described,24.92
573,2557,4490,2025-03-01,Wrong size,346.23
574,451,793,2025-06-22,Damaged/faulty,112.82
575,7108,12360,2024-08-14,Damaged/faulty,70.7
576,4671,8151,2025-10-26,Not as described,126.28
577,7844,13645,2025-09-19,Damaged/faulty,62.08
578,5146,8980,2025-06-18,Damaged/faulty,49.7
579,5915,10311,2024-10-31,Late delivery,90.2
580,3867,6775,2024-12-20,Late delivery,74.76
581,366,649,2024-04-02,Damaged/faulty,233.13
582,2120,3712,2024-01-28,Wrong size,53.36
583,985,1699,2024-07-13,Changed mind,94.49
584,4545,7937,2024-07-04,Changed mind,68.19
585,1916,3336,2025-01-01,Wrong size,23.55
586,7593,13182,2025-01-09,Changed mind,126.94
587,7121,12390,2025-06-14,Damaged/faulty,135.53
588,2347,4120,2025-12-30,Changed mind,114.0
589,4455,7771,2025-11-29,Damaged/faulty,41.29
590,5503,9585,2024-10-06,Changed mind,489.21
591,3614,6314,2024-05-17,Late delivery,97.25
592,2567,4509,2024-08-17,Wrong size,113.47
593,5849,10197,2025-04-17,Wrong size,64.56
594,2966,5189,2025-03-12,Wrong size,282.12
595,159,276,2024-12-14,Changed mind,20.32
596,2135,3740,2024-07-21,Damaged/faulty,39.66
597,3921,6871,2024-05-17,Wrong size,100.5
598,4343,7589,2025-09-23,Changed mind,94.67
599,6050,10540,2024-03-27,Wrong size,100.02
600,7459,12963,2024-03-16,Changed mind,38.0
601,842,1468,2024-01-09,Wrong size,156.57
602,683,1199,2024-07-18,Damaged/faulty,162.48
603,4486,7825,2024-04-29,Wrong size,56.41
604,5570,9711,2024-01-24,Changed mind,123.75
605,2973,5200,2025-01-01,Damaged/faulty,96.04
606,2217,3879,2024-07-05,Late delivery,27.52
607,3683,6438,2025-10-07,Wrong size,209.04
608,4667,8145,2025-08-14,Wrong size,79.89
609,316,551,2025-09-04,Changed mind,156.36
610,151,265,2024-04-18,Damaged/faulty,105.94
611,1846,3209,2025-04-07,Changed mind,247.5
612,5080,8874,2024-07-10,Wrong size,271.29
613,362,641,2025-01-07,Wrong size,78.32
614,5089,8890,2024-06-08,Damaged/faulty,205.06
615,4767,8311,2024-04-27,Not as described,159.78
616,6100,10632,2025-01-20,Wrong size,159.15
617,3697,6469,2024-07-03,Damaged/faulty,297.78
618,179,313,2025-07-06,Wrong size,182.46
619,4164,7291,2024-04-04,Damaged/faulty,96.14
620,6705,11655,2025-11-19,Damaged/faulty,73.76
621,4721,8239,2024-03-01,Damaged/faulty,167.71
622,3744,6551,2024-06-06,Damaged/faulty,33.34
623,868,1504,2025-02-22,Late delivery,41.29
624,2295,4019,2025-09-25,Not as described,25.05
625,4625,8077,2024-09-24,Damaged/faulty,20.32
626,5013,8753,2025-09-18,Changed mind,92.86
627,3938,6900,2024-06-12,Changed mind,94.21
628,2661,4671,2024-12-30,Damaged/faulty,44.74
629,2623,4606,2025-12-14,Changed mind,47.63
630,3660,6397,2024-09-26,Changed mind,111.49
631,6798,11822,2024-05-09,Not as described,104.13
632,5258,9165,2025-12-30,Wrong size,345.06
633,1156,2000,2025-08-02,Damaged/faulty,167.82
634,5271,9189,2024-08-31,Wrong size,45.93
635,7775,13519,2024-01-07,Not as described,56.23
636,785,1373,2024-07-26,Wrong size,113.47
637,1054,1818,2025-06-17,Late delivery,102.26
638,2672,4694,2025-08-30,Late delivery,94.04
639,889,1541,2025-08-07,Damaged/faulty,69.72
640,6261,10892,2025-09-17,Changed mind,74.91
641,3668,6409,2024-11-27,Late delivery,182.46
642,2915,5098,2024-07-13,Wrong size,99.26
643,5195,9065,2025-02-01,Not as described,102.03
644,7564,13131,2025-05-17,Damaged/faulty,43.25
645,656,1153,2024-07-13,Changed mind,112.5
646,2150,3767,2024-08-12,Wrong size,100.05
647,2499,4392,2025-03-18,Wrong size,50.23
648,5077,8869,2024-03-12,Late delivery,180.83
649,4655,8124,2024-08-07,Not as described,94.04
650,6047,10535,2024-12-14,Changed mind,63.14
651,4706,8208,2024-03-15,Not as described,131.41
652,358,633,2024-03-29,Wrong size,94.49
653,7772,13512,2025-10-02,Wrong size,198.5
654,7636,13251,2025-11-19,Changed mind,81.24
655,1364,2356,2024-09-16,Late delivery,135.92
656,5718,9976,2025-04-22,Wrong size,122.66
657,4147,7254,2025-03-19,Damaged/faulty,42.12
658,2439,4293,2025-09-05,Changed mind,39.66
659,3213,5610,2025-08-05,Wrong size,96.2
660,5164,9007,2025-06-04,Wrong size,167.08
661,5076,8866,2024-03-21,Changed mind,39.66
662,6528,11353,2025-01-15,Changed mind,198.52
663,5335,9305,2024-01-10,Wrong size,291.75
664,359,634,2024-12-04,Changed mind,19.86
665,3686,6445,2024-03-03,Wrong size,66.0
666,6826,11870,2024-08-05,Late delivery,107.96
667,1475,2532,2026-01-03,Changed mind,33.35
668,2832,4964,2024-11-09,Late delivery,65.57
669,1774,3074,2025-08-10,Wrong size,156.36
670,6426,11169,2024-10-06,Changed mind,73.46
671,2778,4876,2025-12-24,Changed mind,29.93
672,1353,2338,2025-02-15,Wrong size,92.74
673,1083,1873,2024-12-28,Wrong size,126.68
674,7577,13154,2024-03-18,Wrong size,163.07
675,1403,2415,2024-02-21,Wrong size,74.91
676,1199,2075,2024-10-27,Wrong size,23.55
677,1229,2128,2025-10-04,Damaged/faulty,202.46
678,3147,5502,2025-03-31,Damaged/faulty,135.53
679,5728,9995,2024-04-06,Changed mind,338.88
680,4717,8233,2024-02-29,Wrong size,36.36
681,1871,3253,2024-04-23,Late delivery,76.0
682,4961,8671,2025-07-09,Changed mind,195.06
683,256,448,2024-05-01,Changed mind,21.91
684,3344,5843,2025-02-24,Changed mind,318.3
685,1189,2058,2024-03-15,Changed mind,123.87
686,131,233,2025-11-24,Changed mind,45.93
687,7794,13551,2025-11-13,Damaged/faulty,156.57
688,3685,6442,2024-11-16,Late delivery,167.71
689,235,415,2025-07-27,Changed mind,222.98
690,5856,10208,2024-09-03,Wrong size,81.24
691,4330,7563,2024-05-28,Damaged/faulty,279.9
692,7582,13164,2024-03-17,Changed mind,115.41
693,4366,7627,2025-08-16,Not as described,30.63
694,565,986,2025-10-10,Damaged/faulty,115.68
695,4217,7363,2024-09-03,Late delivery,318.3
696,5627,9813,2024-12-15,Changed mind,114.0
697,6217,10809,2025-08-22,Wrong size,141.3
698,1805,3136,2025-08-08,Changed mind,167.08
699,810,1415,2024-10-01,Wrong size,69.78
700,6477,11254,2025-04-03,Late delivery,77.71
701,5874,10241,2024-10-16,Late delivery,288.6
702,2701,4749,2025-10-08,Not as described,50.02
703,1272,2207,2025-07-08,Wrong size,68.19
704,1363,2355,2025-01-13,Wrong size,94.04
705,4588,8013,2025-07-14,Changed mind,48.07
706,956,1654,2024-12-12,Changed mind,156.36
707,5914,10309,2025-12-07,Wrong size,100.05
708,3711,6489,2024-01-15,Changed mind,63.47
709,4334,7573,2024-08-26,Changed mind,47.1
710,7281,12658,2024-08-06,Changed mind,246.7
711,800,1396,2025-01-27,Damaged/faulty,106.3
712,2649,4648,2026-01-19,Wrong size,70.7
713,6507,11314,2024-03-17,Damaged/faulty,113.07
714,7143,12423,2024-08-22,Changed mind,45.93
715,592,1041,2024-11-03,Changed mind,27.52
716,7670,13320,2025-08-19,Not as described,223.06
717,1501,2578,2025-04-28,Wrong size,107.96
718,1370,2364,2024-03-12,Not as described,69.78
719,1509,2591,2024-12-17,Damaged/faulty,135.92
720,2204,3852,2024-01-26,Late delivery,52.19
721,3731,6527,2025-10-17,Changed mind,69.78
722,486,847,2025-03-08,Wrong size,306.36
723,7817,13597,2024-11-28,Changed mind,41.29
724,2494,4385,2025-05-03,Wrong size,246.7
725,212,373,2024-05-08,Wrong size,270.6
726,7452,12949,2024-11-15,Damaged/faulty,112.19
727,3213,5607,2025-07-28,Changed mind,89.79
728,293,511,2025-10-29,Wrong size,48.57
729,1203,2084,2025-04-10,Wrong size,121.33
730,4769,8318,2025-01-11,Not as described,37.81
731,5166,9013,2025-07-17,Wrong size,469.08
732,6870,11939,2025-05-29,Wrong size,82.98
733,901,1564,2025-02-23,Wrong size,110.24
734,2560,4493,2025-12-16,Damaged/faulty,306.36
735,1004,1733,2025-03-14,Wrong size,33.35
736,4843,8446,2025-06-10,Changed mind,253.36
737,4520,7888,2024-02-20,Not as described,336.57
738,4022,7051,2025-02-20,Damaged/faulty,94.04
739,4223,7372,2026-01-04,Wrong size,135.92
740,4509,7874,2024-07-24,Damaged/faulty,104.19
741,5603,9771,2025-01-04,Changed mind,78.32
742,5941,10356,2024-06-11,Changed mind,167.82
743,6383,11097,2025-01-09,Changed mind,102.53
744,3186,5561,2025-02-05,Changed mind,167.71
745,7265,12631,2024-03-29,Changed mind,181.8
746,7765,13498,2025-11-30,Damaged/faulty,52.19
747,4833,8431,2024-10-04,Damaged/faulty,40.64
748,5175,9029,2025-06-27,Wrong size,36.73
749,1970,3446,2024-02-08,Late delivery,112.96
750,5708,9958,2024-07-05,Not as described,98.76
751,7702,13381,2025-06-07,Wrong size,82.58
752,5792,10095,2024-10-18,Late delivery,52.19
753,2328,4079,2024-08-01,Wrong size,253.36
754,7192,12512,2024-06-01,Damaged/faulty,217.0
755,2058,3596,2025-09-19,Not as described,345.06
756,4296,7502,2025-03-29,Wrong size,47.02
757,5457,9500,2025-05-10,Damaged/faulty,68.19
758,2366,4157,2025-12-28,Changed mind,110.24
759,6,11,2025-05-14,Late delivery,39.72
760,6471,11245,2024-04-16,Damaged/faulty,239.67
761,2822,4949,2024-11-16,Damaged/faulty,180.83
762,3300,5765,2024-04-11,Wrong size,42.67
763,6298,10956,2025-05-21,Damaged/faulty,90.9
764,6283,10932,2025-10-12,Damaged/faulty,90.43
765,4482,7820,2024-05-28,Changed mind,69.72
766,5452,9493,2024-02-29,Not as described,42.12
767,1542,2646,2025-04-22,Damaged/faulty,77.95
768,2394,4211,2024-07-17,Late delivery,56.23
769,7348,12774,2024-07-11,Wrong size,167.82
770,1295,2245,2025-12-14,Damaged/faulty,102.12
771,7230,12571,2024-08-21,Changed mind,79.89
772,5903,10290,2025-12-13,Changed mind,224.38
773,1579,2717,2024-07-03,Wrong size,101.79
774,3191,5570,2024-10-03,Wrong size,61.05
775,3113,5443,2024-11-06,Damaged/faulty,24.92
776,2376,4178,2024-09-30,Damaged/faulty,153.24
777,5978,10412,2024-12-26,Changed mind,127.2
778,4032,7068,2024-03-09,Changed mind,149.82
779,3565,6228,2024-03-21,Wrong size,141.3
780,7449,12943,2025-12-23,Not as described,236.28
781,1781,3088,2024-08-01,Wrong size,37.81
782,1059,1830,2024-02-29,Changed mind,194.5
783,372,660,2024-08-18,Damaged/faulty,115.41
784,6315,10985,2025-08-09,Changed mind,105.94
785,4166,7296,2024-01-20,Late delivery,115.02
786,7347,12773,2025-11-05,Wrong size,61.58
787,5323,9284,2024-02-23,Wrong size,68.19
788,1642,2837,2024-03-21,Damaged/faulty,69.72
789,2877,5041,2024-12-10,Not as described,180.86
790,4741,8273,2024-06-23,Wrong size,62.08
791,7377,12820,2024-07-04,Wrong size,99.25
792,5490,9556,2025-02-23,Wrong size,60.62
793,5384,9384,2024-08-19,Wrong size,90.2
794,1909,3323,2024-11-03,Late delivery,79.89
795,7704,13384,2024-02-06,Damaged/faulty,30.63
796,2591,4551,2025-06-23,Wrong size,317.82
797,3931,6887,2025-07-04,Not as described,271.64
798,4151,7263,2024-09-29,Damaged/faulty,65.57
799,3900,6832,2024-10-27,Wrong size,30.79
800,2798,4914,2025-09-17,Changed mind,135.92
801,5402,9409,2025-01-24,Changed mind,230.82
802,5619,9801,2025-09-10,Changed mind,43.25
803,5084,8884,2025-11-21,Not as described,60.62
804,5137,8967,2025-01-18,Changed mind,156.64
805,4276,7466,2025-01-16,Late delivery,56.25
806,1094,1895,2025-10-20,Changed mind,59.58
807,1308,2267,2024-03-13,Damaged/faulty,198.52
808,3796,6639,2025-04-02,Wrong size,108.5
809,5800,10108,2025-05-01,Wrong size,180.83
810,7160,12454,2024-05-29,Wrong size,31.04
811,6892,11982,2024-07-12,Changed mind,136.68
812,3152,5509,2024-07-18,Not as described,115.02
813,7383,12827,2024-08-03,Damaged/faulty,78.32
814,2991,5231,2025-02-27,Wrong size,96.2
815,7833,13624,2025-01-18,Changed mind,81.24
816,7273,12644,2024-07-15,Wrong size,167.82
817,4110,7190,2024-11-11,Wrong size,149.52
818,1785,3100,2024-07-25,Wrong size,95.99
819,5132,8961,2024-01-19,Damaged/faulty,93.96
820,1158,2004,2025-02-18,Late delivery,141.06
821,2152,3770,2025-08-28,Changed mind,345.06
822,1454,2490,2025-08-21,Changed mind,30.79
823,408,721,2024-06-15,Wrong size,153.39
824,2742,4823,2025-10-18,Wrong size,25.01
825,4709,8213,2025-03-21,Changed mind,47.63
826,1341,2321,2024-12-31,Late delivery,77.95
827,3136,5479,2025-11-19,Changed mind,90.43
828,3439,6018,2024-08-14,Damaged/faulty,188.08
829,701,1231,2024-08-15,Wrong size,41.29
830,353,626,2024-04-17,Wrong size,75.15
831,5826,10153,2025-04-11,Changed mind,27.52
832,1785,3102,2024-07-13,Changed mind,42.67
833,6720,11686,2024-10-01,Wrong size,31.04
834,7164,12460,2024-03-11,Wrong size,68.19
835,3397,5945,2025-01-09,Damaged/faulty,307.59
836,2736,4812,2024-02-01,Changed mind,38.0
837,4680,8166,2024-01-23,Damaged/faulty,65.57
838,6405,11130,2024-08-29,Not as described,69.78
839,3605,6299,2025-10-05,Changed mind,122.66
840,6882,11969,2024-12-16,Wrong size,106.3
841,3263,5692,2024-04-24,Wrong size,95.99
842,6791,11810,2025-12-04,Damaged/faulty,104.51
843,2907,5087,2024-07-01,Wrong size,278.58
844,6664,11594,2024-12-10,Wrong size,106.72
845,6463,11231,2025-02-28,Wrong size,40.64
846,3342,5841,2024-05-29,Wrong size,101.79
847,2981,5213,2025-03-27,Damaged/faulty,135.32
848,16,33,2025-05-29,Changed mind,167.71
849,3819,6688,2025-12-11,Changed mind,43.25
850,7336,12749,2025-08-20,Changed mind,165.96
851,2936,5138,2025-06-15,Changed mind,107.96
852,5196,9069,2025-12-02,Wrong size,60.62
853,606,1065,2024-09-02,Damaged/faulty,94.49
854,210,371,2025-11-17,Wrong size,190.41
855,5975,10408,2025-09-17,Wrong size,43.77
856,6178,10751,2024-04-09,Changed mind,42.1
857,3698,6470,2025-11-20,Wrong size,215.92
858,5326,9293,2025-09-20,Not as described,203.6
859,173,303,2024-03-14,Wrong size,198.52
860,6105,10639,2025-06-27,Wrong size,56.25
861,4003,7018,2025-05-16,Changed mind,139.44
862,355,628,2024-07-09,Damaged/faulty,107.96
863,1885,3276,2025-11-10,Changed mind,113.07
864,2460,4327,2025-08-26,Damaged/faulty,97.53
865,1955,3418,2025-06-27,Late delivery,282.6
866,350,622,2024-09-22,Wrong size,63.47
867,1642,2838,2024-03-20,Damaged/faulty,187.92
868,1106,1913,2025-09-03,Changed mind,110.09
869,7031,12216,2024-05-25,Damaged/faulty,51.08
870,297,517,2024-08-23,Late delivery,111.53
871,7774,13515,2024-07-07,Damaged/faulty,30.79
872,978,1690,2024-03-22,Wrong size,114.63
873,7186,12498,2024-10-05,Changed mind,149.52
874,625,1098,2025-03-21,Wrong size,126.28
875,2343,4109,2025-05-11,Wrong size,110.24
876,1786,3103,2026-01-10,Damaged/faulty,156.57
877,4295,7498,2025-11-29,Changed mind,56.23
878,869,1505,2024-04-24,Damaged/faulty,47.63
879,4316,7537,2024-08-03,Wrong size,78.32
880,3640,6366,2025-09-02,Not as described,153.39
881,5011,8751,2025-07-23,Wrong size,189.42
882,5757,10043,2025-12-12,Damaged/faulty,141.54
883,5732,10002,2025-05-13,Changed mind,51.13
884,3581,6253,2025-04-16,Damaged/faulty,101.8
885,7692,13360,2024-03-03,Damaged/faulty,153.39
886,6407,11134,2024-10-03,Wrong size,96.2
887,4576,7987,2025-03-17,Changed mind,253.36
888,6170,10736,2024-11-14,Wrong size,188.42
889,6876,11954,2024-11-29,Not as described,112.5
890,5465,9515,2024-04-24,Damaged/faulty,47.63
891,6129,10671,2024-05-30,Changed mind,34.01
892,229,403,2025-05-26,Not as described,90.2
893,2184,3823,2024-06-06,Wrong size,303.69
894,1736,2998,2024-05-24,Changed mind,50.25
895,2379,4184,2025-12-30,Wrong size,155.9
896,3216,5615,2025-07-15,Changed mind,90.43
897,3348,5851,2025-12-23,Wrong size,135.92
898,2915,5097,2024-07-13,Not as described,104.51
899,1463,2504,2025-08-07,Changed mind,153.24
900,304,529,2024-03-29,Not as described,245.32
901,6331,11008,2025-01-10,Late delivery,34.01
902,7388,12836,2024-03-10,Wrong size,156.36
903,2549,4475,2024-02-04,Wrong size,31.04
904,4907,8575,2025-10-09,Wrong size,94.04
905,2531,4441,2024-11-19,Wrong size,101.8
906,7210,12540,2024-05-31,Changed mind,100.05
907,338,599,2024-07-06,Wrong size,56.23
908,7269,12637,2024-02-26,Wrong size,100.5
909,2284,3995,2024-02-02,Late delivery,135.53
910,528,917,2025-06-09,Late delivery,156.64
911,1259,2181,2025-10-18,Changed mind,38.0
912,5587,9737,2025-06-17,Wrong size,31.04
913,3289,5746,2025-06-19,Wrong size,111.49
914,957,1656,2025-07-09,Wrong size,134.22
915,4394,7676,2024-09-24,Changed mind,217.0
916,2578,4527,2024-12-24,Changed mind,108.7
917,644,1128,2025-02-08,Damaged/faulty,167.82
918,4464,7791,2024-05-16,Changed mind,36.36
919,2762,4851,2025-10-31,Damaged/faulty,113.43
920,3678,6429,2024-03-29,Late delivery,95.99
921,3058,5341,2024-12-18,Wrong size,126.94
922,3319,5800,2024-04-14,Changed mind,122.66
923,113,202,2025-07-14,Damaged/faulty,34.65
924,7228,12564,2024-05-31,Damaged/faulty,73.69
925,33,74,2024-08-23,Changed mind,335.42
926,1955,3416,2025-07-03,Damaged/faulty,61.05
927,3754,6572,2025-03-11,Damaged/faulty,167.08
928,6647,11561,2025-03-16,Wrong size,101.79
929,934,1617,2025-11-03,Wrong size,156.64
930,3560,6218,2025-06-29,Wrong size,101.79
931,462,812,2025-12-23,Wrong size,56.25
932,6695,11643,2024-01-23,Changed mind,228.0
933,4957,8662,2025-06-21,Wrong size,42.67
934,5100,8910,2025-07-13,Wrong size,19.86
935,3638,6362,2024-11-03,Changed mind,540.87
936,1336,2313,2024-09-05,Wrong size,89.03
937,4068,7124,2026-01-06,Damaged/faulty,90.43
938,1635,2826,2026-01-16,Damaged/faulty,42.67
939,2673,4697,2025-11-20,Changed mind,30.79
940,3286,5739,2025-02-15,Damaged/faulty,170.04
941,6243,10852,2024-05-08,Damaged/faulty,178.06
942,6984,12137,2024-12-01,Wrong size,159.78
943,2361,4148,2024-03-16,Damaged/faulty,43.77
944,4601,8035,2025-10-24,Not as described,73.69
945,765,1340,2024-07-05,Changed mind,212.6
946,7769,13507,2024-12-28,Changed mind,99.25
947,2573,4520,2025-03-24,Not as described,48.57
948,399,705,2024-05-10,Wrong size,150.69
949,4571,7979,2025-04-17,Not as described,243.72
950,4862,8484,2024-03-18,Changed mind,90.43
951,4126,7215,2024-01-26,Changed mind,123.75
952,4191,7332,2025-10-17,Damaged/faulty,102.53
953,2643,4636,2024-05-31,Not as described,72.72
954,468,822,2025-04-26,Damaged/faulty,56.41
955,3255,5682,2024-08-17,Damaged/faulty,102.12
956,4161,7287,2025-08-19,Wrong size,52.19
957,7467,12977,2025-06-12,Wrong size,180.29
958,151,266,2024-04-13,Not as described,198.5
959,6570,11427,2024-07-23,Wrong size,223.06
960,4039,7082,2025-01-26,Changed mind,123.35
961,6568,11424,2024-08-02,Wrong size,180.83
962,2556,4488,2025-05-21,Wrong size,112.96
963,5817,10140,2025-09-22,Changed mind,220.48
964,47,97,2024-03-08,Wrong size,88.88
965,6693,11639,2025-01-20,Wrong size,105.94
966,4293,7494,2025-04-11,Damaged/faulty,92.74
967,3324,5809,2024-10-22,Wrong size,112.96
968,6527,11352,2025-04-09,Late delivery,98.76
969,950,1643,2025-05-23,Wrong size,123.75
970,5622,9807,2025-08-16,Changed mind,69.78
971,5661,9880,2026-01-10,Wrong size,108.5
972,3751,6563,2024-03-05,Not as described,33.35
973,2637,4629,2024-11-22,Damaged/faulty,92.74
974,7318,12722,2025-09-02,Wrong size,135.82
975,5113,8931,2025-06-07,Changed mind,25.05
976,3707,6482,2024-11-15,Changed mind,135.32
977,829,1448,2024-01-04,Changed mind,77.95
978,1368,2362,2024-05-22,Damaged/faulty,70.88
979,5602,9768,2024-04-12,Late delivery,159.15
980,5897,10280,2024-12-16,Changed mind,88.88
981,4567,7973,2025-01-02,Wrong size,222.98
982,7346,12772,2024-08-08,Wrong size,188.42
983,7443,12934,2025-10-09,Wrong size,95.99
984,6824,11868,2025-04-03,Damaged/faulty,60.62
985,423,748,2024-04-30,Changed mind,185.48
986,7137,12413,2025-06-04,Damaged/faulty,33.34
987,4383,7658,2025-07-02,Wrong size,25.01
988,6582,11450,2024-08-03,Wrong size,165.96
989,4297,7504,2025-11-03,Wrong size,107.96
990,6909,12010,2025-04-08,Wrong size,52.19
991,5852,10204,2024-09-22,Late delivery,159.15
992,7719,13414,2024-08-20,Changed mind,49.7
993,3067,5354,2024-03-09,Not as described,89.12
994,6837,11887,2024-10-22,Late delivery,104.19
995,780,1364,2025-11-12,Not as described,43.77
996,4175,7309,2024-11-24,Damaged/faulty,77.71
997,3816,6680,2025-05-10,Damaged/faulty,194.5
998,3693,6463,2024-05-01,Late delivery,33.35
999,1317,2280,2024-10-10,Damaged/faulty,101.79
1000,941,1628,2025-12-10,Damaged/faulty,208.38
1001,2594,4557,2025-08-06,Wrong size,66.7
1002,5536,9648,2025-05-26,Damaged/faulty,110.24
1003,7301,12689,2024-06-15,Wrong size,96.2
1004,3477,6080,2025-04-21,Wrong size,113.07
1005,2934,5133,2024-06-23,Wrong size,111.49
1006,6540,11379,2025-12-09,Changed mind,56.41
1007,6744,11728,2024-09-17,Damaged/faulty,202.46
1008,7124,12395,2024-03-14,Late delivery,56.25
1009,487,849,2024-01-30,Late delivery,191.98
1010,4980,8701,2024-03-26,Wrong size,101.79
1011,1890,3285,2025-10-28,Not as described,187.92
1012,565,987,2025-10-10,Wrong size,56.41
1013,952,1646,2025-09-22,Wrong size,93.96
1014,2280,3987,2025-07-16,Changed mind,211.88
1015,6960,12098,2025-12-05,Not as described,73.76
1016,2921,5110,2024-03-01,Changed mind,97.53
1017,6132,10678,2024-08-12,Wrong size,19.86
1018,949,1639,2025-05-22,Wrong size,126.94
1019,3658,6394,2025-08-11,Changed mind,189.34
1020,7321,12728,2025-10-05,Wrong size,135.32
1021,7070,12285,2024-12-09,Wrong size,330.27
1022,4125,7214,2025-12-20,Damaged/faulty,188.42
1023,4771,8322,2025-04-10,Changed mind,81.24
1024,6300,10958,2024-05-02,Changed mind,90.9
1025,6266,10900,2024-12-29,Changed mind,73.69
1026,6663,11591,2025-02-11,Wrong size,104.19
1027,4135,7233,2025-09-06,Wrong size,112.5
1028,7040,12233,2025-06-25,Not as described,180.29
1029,2101,3672,2025-01-30,Wrong size,112.96
1030,5206,9081,2024-12-02,Not as described,101.8
1031,799,1395,2024-08-04,Damaged/faulty,24.92
1032,5155,8995,2025-04-16,Late delivery,56.23
1033,1710,2949,2025-05-13,Wrong size,114.63
1034,458,806,2025-10-13,Damaged/faulty,98.76
1035,71,129,2025-03-18,Changed mind,42.12
1036,7774,13514,2024-07-17,Late delivery,282.6
1037,7422,12898,2025-10-20,Changed mind,217.4
1038,5580,9729,2024-09-25,Not as described,111.53
1039,3022,5287,2024-10-03,Changed mind,60.62
1040,3127,5464,2025-10-16,Wrong size,122.66
1041,3509,6143,2025-09-14,Damaged/faulty,31.04
1042,2109,3685,2024-10-07,Changed mind,30.63
1043,1016,1759,2025-08-01,Wrong size,72.72
1044,756,1322,2024-12-18,Changed mind,204.24
1045,1788,3106,2024-08-22,Changed mind,41.29
1046,4635,8092,2025-12-25,Changed mind,73.76
1047,2545,4468,2024-08-31,Not as described,73.69
1048,7575,13151,2025-07-03,Not as described,47.63
1049,6769,11769,2025-10-21,Changed mind,330.72
1050,7263,12627,2024-08-14,Wrong size,105.94
1051,3295,5758,2025-02-03,Wrong size,405.96
1052,5179,9034,2025-07-14,Late delivery,43.82
1053,3738,6537,2025-06-05,Not as described,139.44
1054,3370,5896,2025-06-08,Late delivery,92.74
1055,1210,2097,2024-07-26,Late delivery,114.63
1056,2066,3611,2024-03-29,Wrong size,136.68
1057,1590,2739,2025-05-10,Wrong size,89.03
1058,7566,13135,2024-04-27,Changed mind,167.08
1059,7092,12329,2025-06-10,Wrong size,306.48
1060,7448,12940,2024-10-28,Not as described,107.96
1061,5557,9692,2024-09-12,Changed mind,220.18
1062,1024,1772,2025-03-15,Changed mind,79.32
1063,4330,7562,2024-06-02,Not as described,180.29
1064,4866,8492,2025-10-04,Wrong size,61.05
1065,1437,2469,2025-12-05,Changed mind,108.5
1066,6524,11347,2026-01-13,Wrong size,102.53
1067,4515,7883,2025-08-23,Changed mind,43.77
1068,356,631,2025-01-20,Late delivery,335.42
1069,3442,6022,2024-01-06,Late delivery,99.25
1070,6256,10877,2024-02-08,Changed mind,77.71
1071,5571,9713,2025-06-29,Damaged/faulty,203.58
1072,944,1632,2024-08-23,Late delivery,167.82
1073,55,108,2024-04-01,Wrong size,53.36
1074,4210,7356,2025-07-22,Changed mind,66.0
1075,4714,8226,2024-03-18,Changed mind,141.54
1076,5040,8801,2025-10-19,Wrong size,110.09
1077,1071,1851,2025-05-04,Wrong size,101.8
1078,1268,2195,2025-03-28,Damaged/faulty,79.89
1079,5865,10227,2024-03-03,Wrong size,282.63
1080,7196,12519,2025-05-01,Wrong size,317.82
1081,1753,3032,2024-11-24,Wrong size,62.08
1082,5031,8784,2025-09-22,Wrong size,42.67
1083,4166,7295,2024-01-31,Wrong size,94.36
1084,1997,3494,2025-09-21,Changed mind,503.13
1085,547,956,2024-06-17,Late delivery,91.23
1086,6515,11333,2024-12-28,Changed mind,36.36
1087,4700,8202,2025-06-07,Not as described,100.46
1088,1095,1898,2025-07-23,Damaged/faulty,306.48
1089,6912,12015,2025-10-10,Not as described,95.99
1090,820,1431,2025-01-01,Wrong size,104.52
1091,1965,3437,2025-10-28,Wrong size,39.66
1092,1375,2373,2025-10-18,Changed mind,405.96
1093,973,1685,2025-11-03,Late delivery,149.82
1094,6037,10512,2025-04-27,Changed mind,65.73
1095,6630,11533,2025-04-23,Wrong size,31.04
1096,6777,11786,2024-10-03,Changed mind,43.25
1097,2864,5016,2025-06-08,Late delivery,115.02
1098,786,1376,2025-12-01,Wrong size,82.56
1099,5081,8878,2025-05-02,Wrong size,253.36
1100,5359,9343,2026-01-08,Changed mind,65.84
1101,6048,10536,2026-01-09,Changed mind,177.76
1102,4549,7944,2025-01-01,Wrong size,305.37
1103,7244,12598,2024-06-17,Changed mind,85.02
1104,505,882,2025-12-12,Damaged/faulty,70.88
1105,2975,5203,2025-08-15,Damaged/faulty,63.47
1106,1684,2907,2024-10-09,Changed mind,147.38
1107,2253,3937,2025-05-04,Changed mind,160.16
1108,1800,3126,2024-02-04,Wrong size,72.72
1109,7635,13249,2025-03-08,Damaged/faulty,68.19
1110,2156,3778,2025-11-07,Changed mind,542.49
1111,381,675,2024-12-08,Not as described,160.16
1112,6055,10552,2025-06-09,Changed mind,247.5
1113,3334,5829,2025-09-15,Changed mind,51.13
1114,3496,6119,2025-01-15,Damaged/faulty,99.68
1115,5602,9766,2024-04-04,Not as described,81.24
1116,3229,5637,2025-08-20,Changed mind,108.7
1117,3530,6173,2024-05-12,Changed mind,99.68
1118,3955,6931,2025-11-17,Wrong size,37.81
1119,6222,10818,2025-08-11,Damaged/faulty,255.06
1120,7731,13438,2024-03-04,Damaged/faulty,326.1
1121,7771,13511,2024-04-11,Damaged/faulty,370.05
1122,2542,4461,2025-05-24,Changed mind,88.88
1123,451,794,2025-06-20,Wrong size,239.67
1124,7214,12545,2025-08-05,Damaged/faulty,127.2
1125,5389,9390,2024-04-04,Late delivery,104.52
1126,3389,5928,2025-02-08,Wrong size,267.09
1127,1913,3329,2025-04-29,Wrong size,97.53
1128,2459,4326,2024-07-08,Not as described,360.58
1129,1906,3316,2025-03-01,Damaged/faulty,21.91
1130,1460,2501,2024-03-09,Changed mind,49.84
1131,3429,5998,2025-07-24,Wrong size,38.0
1132,1995,3491,2025-02-06,Wrong size,113.07
1133,2341,4106,2024-11-19,Wrong size,96.04
1134,6898,11992,2024-03-08,Damaged/faulty,89.12
1135,3048,5323,2025-09-17,Wrong size,141.3
1136,1041,1800,2025-03-03,Not as described,303.69
1137,5694,9933,2024-12-29,Wrong size,104.51
1138,5952,10373,2025-05-08,Not as described,231.36
1139,3797,6642,2024-10-11,Wrong size,49.7
1140,1012,1748,2025-03-01,Wrong size,39.72
1141,6618,11513,2025-01-04,Damaged/faulty,112.96
1142,1399,2407,2024-02-29,Damaged/faulty,23.55
1143,5128,8954,2025-07-25,Not as described,70.7
1144,6764,11760,2024-07-25,Wrong size,181.8
1145,3585,6258,2024-07-06,Wrong size,52.19
1146,2696,4740,2025-04-22,Late delivery,267.09
1147,1439,2473,2024-01-07,Wrong size,56.23
1148,7068,12282,2025-10-22,Wrong size,39.66
1149,1783,3095,2024-05-11,Damaged/faulty,43.25
1150,1618,2795,2025-09-17,Damaged/faulty,94.49
1151,6234,10834,2024-06-03,Wrong size,104.13
1152,3908,6845,2024-01-31,Late delivery,112.19
1153,6100,10631,2025-01-11,Wrong size,360.58
1154,6080,10599,2025-03-31,Damaged/faulty,270.6
1155,722,1269,2024-12-04,Changed mind,188.42
1156,4855,8472,2024-12-04,Wrong size,82.98
1157,7336,12750,2025-08-20,Wrong size,33.35
1158,6495,11295,2024-02-03,Changed mind,77.95
1159,1084,1876,2025-03-28,Damaged/faulty,56.25
1160,6717,11681,2025-11-18,Damaged/faulty,93.96
1161,1072,1854,2024-10-07,Not as described,110.09
1162,5242,9135,2024-10-01,Changed mind,315.78
1163,1097,1903,2025-03-20,Wrong size,278.22
1164,5210,9089,2025-07-11,Wrong size,126.68
1165,2727,4797,2025-12-09,Wrong size,100.5
1166,7520,13069,2026-01-03,Damaged/faulty,51.08
1167,4242,7407,2024-01-03,Wrong size,81.24
1168,5874,10242,2024-10-19,Not as described,39.66
1169,7826,13614,2024-09-14,Damaged/faulty,192.08
1170,5326,9292,2025-10-01,Changed mind,102.53
1171,1432,2459,2024-08-28,Wrong size,131.41
1172,5636,9833,2025-11-03,Wrong size,81.24
1173,5981,10419,2024-07-03,Wrong size,135.82
1174,4331,7566,2024-06-06,Changed mind,74.91
1175,3091,5402,2024-01-20,Changed mind,104.13
1176,5475,9531,2024-05-10,Changed mind,42.1
1177,7642,13263,2024-12-11,Wrong size,99.25
1178,7172,12470,2025-01-08,Changed mind,66.92
1179,2560,4495,2025-12-26,Changed mind,23.55
1180,3663,6400,2025-02-28,Wrong size,72.73
1181,3792,6634,2025-10-18,Wrong size,79.89
1182,6635,11543,2025-06-16,Not as described,204.57
1183,1614,2787,2025-10-03,Late delivery,135.32
1184,4798,8371,2026-01-11,Damaged/faulty,144.21
1185,5238,9129,2024-07-25,Wrong size,94.04
1186,4984,8708,2024-07-12,Wrong size,96.2
1187,3272,5711,2025-01-10,Late delivery,89.03
1188,1241,2150,2025-06-11,Damaged/faulty,99.25
1189,4349,7599,2025-04-18,Changed mind,56.41
1190,717,1260,2025-02-25,Changed mind,334.59
1191,5783,10083,2025-02-03,Not as described,64.56
1192,1,1,2025-09-30,Changed mind,334.16
1193,1281,2221,2025-08-09,Wrong size,135.92
1194,4779,8335,2024-05-12,Wrong size,135.32
1195,2157,3780,2025-08-24,Wrong size,77.95
1196,253,445,2025-12-20,Wrong size,97.25
1197,2948,5159,2025-04-02,Damaged/faulty,19.86
1198,4337,7577,2025-02-02,Wrong size,198.5
1199,5462,9510,2024-02-20,Not as described,126.68
1200,2229,3897,2025-12-09,Changed mind,131.41
1201,4875,8505,2025-06-04,Late delivery,49.7
1202,6706,11657,2024-07-28,Changed mind,160.16
1203,5055,8824,2025-08-09,Not as described,99.26
1204,2923,5113,2024-09-17,Wrong size,66.0
1205,3211,5604,2024-03-03,Damaged/faulty,78.32
1206,2336,4093,2025-02-21,Changed mind,297.75
1207,4428,7732,2024-10-26,Late delivery,135.92
1208,2594,4556,2025-07-29,Damaged/faulty,170.04
1209,2596,4560,2026-01-09,Changed mind,65.84
1210,7438,12920,2025-10-04,Wrong size,36.36
1211,514,891,2025-02-04,Not as described,89.03
1212,1038,1794,2025-08-31,Late delivery,126.68
1213,1389,2396,2024-08-01,Not as described,72.73
1214,6309,10972,2025-03-07,Changed mind,136.38
1215,6131,10675,2025-10-04,Wrong size,181.86
1216,7024,12203,2025-09-14,Wrong size,231.36
1217,3254,5681,2025-06-09,Changed mind,47.63
1218,1654,2857,2024-12-23,Wrong size,160.16
1219,1482,2544,2025-12-16,Damaged/faulty,72.72
1220,6174,10743,2024-08-24,Damaged/faulty,394.23
1221,4884,8527,2024-12-21,Changed mind,20.32
1222,5282,9208,2025-04-18,Late delivery,115.02
1223,7583,13166,2025-05-22,Changed mind,74.91
1224,7722,13418,2025-06-20,Changed mind,156.36
1225,3037,5309,2025-01-04,Wrong size,162.48
1226,3713,6494,2024-02-06,Wrong size,380.04
1227,2244,3922,2024-07-02,Damaged/faulty,99.26
1228,7764,13497,2025-02-02,Wrong size,73.76
1229,534,928,2025-10-20,Damaged/faulty,136.68
